City;Location;Time;CO;NO2;NOX;SO2;O3;PM10 Teom;PM2.5 Teom
Copenhagen;HC Andersens Boulevard;17-03-2022 12:00;;42,14;84,04;0,68;38,14;76,6;26,55
Copenhagen;HC Andersens Boulevard;17-03-2022 11:00;;37,15;71,4;0,77;45,23;71,3;28,05
Copenhagen;HC Andersens Boulevard;17-03-2022 10:00;;40,43;67,71;1,46;49,44;54,5;24,55
Copenhagen;HC Andersens Boulevard;17-03-2022 09:00;;39,7;71,27;0,79;55,69;33,2;18,2
Copenhagen;HC Andersens Boulevard;17-03-2022 08:00;;38,52;75,3;0,81;45,48;21,9;13,8
Copenhagen;HC Andersens Boulevard;17-03-2022 07:00;;37,59;71,17;1,08;43,13;16,85;13,1
Copenhagen;HC Andersens Boulevard;17-03-2022 06:00;;46,05;83,14;0,64;42,87;14,8;10,85
Copenhagen;HC Andersens Boulevard;17-03-2022 05:00;;15,14;23,95;;68,11;12,8;8,45
Copenhagen;HC Andersens Boulevard;17-03-2022 04:00;;7,47;9,77;;71,03;7,6;5,2
Copenhagen;HC Andersens Boulevard;17-03-2022 03:00;;9,13;10,32;;62,76;6;3,45
Copenhagen;HC Andersens Boulevard;17-03-2022 02:00;;12,1;14,23;;57,6;14,7;12,5
Copenhagen;HC Andersens Boulevard;17-03-2022 01:00;;11,39;12,87;;60,09;20,85;17,45
Copenhagen;HC Andersens Boulevard;17-03-2022 00:00;;14,56;18,07;;59,42;23,9;17
Copenhagen;HC Andersens Boulevard;16-03-2022 23:00;;18,73;24,08;;51,89;29,1;20,7
Copenhagen;HC Andersens Boulevard;16-03-2022 22:00;;22,59;34,26;;56;36,35;20,65
Copenhagen;HC Andersens Boulevard;16-03-2022 21:00;;25,42;38,78;;55,81;37,45;22,05
Copenhagen;HC Andersens Boulevard;16-03-2022 20:00;;32,74;50,8;;57,35;39,3;18,15
Copenhagen;HC Andersens Boulevard;16-03-2022 19:00;;30,05;45,75;;62,02;33,75;18,05
Copenhagen;HC Andersens Boulevard;16-03-2022 18:00;;25,19;42,54;;61,2;29,3;15,15
Copenhagen;HC Andersens Boulevard;16-03-2022 17:00;;40,1;73,86;;47,23;39,8;15,85
Copenhagen;HC Andersens Boulevard;16-03-2022 16:00;;34,12;65,76;;47,11;31,6;11,7
Copenhagen;HC Andersens Boulevard;16-03-2022 15:00;;37,72;82,34;;42,3;41,2;14,15
Copenhagen;HC Andersens Boulevard;16-03-2022 14:00;;37,98;85,61;;42,12;63,5;14,75
Copenhagen;HC Andersens Boulevard;16-03-2022 13:00;;39,45;98,66;;43,93;81;14,6
Copenhagen;HC Andersens Boulevard;16-03-2022 12:00;;36,73;111,62;;42,13;90;11,3
Copenhagen;HC Andersens Boulevard;16-03-2022 11:00;;51,63;127,63;;31,81;99,85;31,85
Copenhagen;HC Andersens Boulevard;16-03-2022 10:00;;55,87;131,49;;29,67;109,7;22,1
Copenhagen;HC Andersens Boulevard;16-03-2022 09:00;;52,72;123,35;;32,26;51,4;11,45
Copenhagen;HC Andersens Boulevard;16-03-2022 08:00;;53,94;118,6;;32,12;10,25;4,15
Copenhagen;HC Andersens Boulevard;16-03-2022 07:00;;50,64;117,27;;25,01;7,05;2,75
Copenhagen;HC Andersens Boulevard;16-03-2022 06:00;;58,97;144,76;0,02;25,76;13;6,4
Copenhagen;HC Andersens Boulevard;16-03-2022 05:00;;28,42;52,38;;43,71;7,5;4,65
Copenhagen;HC Andersens Boulevard;16-03-2022 04:00;;11,66;15,34;;58,17;6,4;3,35
Copenhagen;HC Andersens Boulevard;16-03-2022 03:00;;7,64;10,15;;64,92;6,25;5,85
Copenhagen;HC Andersens Boulevard;16-03-2022 02:00;;6,33;6,94;;67,65;5,95;4,95
Copenhagen;HC Andersens Boulevard;16-03-2022 01:00;;14,56;20,05;;59,18;8,95;6,35
Copenhagen;HC Andersens Boulevard;16-03-2022 00:00;;12,86;15,96;;60,9;11,6;6,05
Copenhagen;HC Andersens Boulevard;15-03-2022 23:00;;21,07;32,34;;53,85;12,35;5,55
Copenhagen;HC Andersens Boulevard;15-03-2022 22:00;;30,72;47,48;;48,31;17,05;5,9
Copenhagen;HC Andersens Boulevard;15-03-2022 21:00;;39,71;68,38;;38,17;19,75;7
Copenhagen;HC Andersens Boulevard;15-03-2022 20:00;;42,17;75,46;;33,06;23,5;8,05
Copenhagen;HC Andersens Boulevard;15-03-2022 19:00;;41,88;67,03;0,02;35,37;25;8,5
Copenhagen;HC Andersens Boulevard;15-03-2022 18:00;;42,42;81,86;0,32;36,25;27,2;8,2
Copenhagen;HC Andersens Boulevard;15-03-2022 17:00;;45,94;94,67;;34,15;40,85;7,4
Copenhagen;HC Andersens Boulevard;15-03-2022 16:00;;37,3;66,82;;41,21;20,05;4,75
Copenhagen;HC Andersens Boulevard;15-03-2022 15:00;;42,35;88,09;0,12;39,02;22,55;3,75
Copenhagen;HC Andersens Boulevard;15-03-2022 14:00;;38,33;85,53;;39,53;42,15;5,3
Copenhagen;HC Andersens Boulevard;15-03-2022 13:00;;45,71;120,8;;25,79;49,45;8,85
Copenhagen;HC Andersens Boulevard;15-03-2022 12:00;;30,88;71,11;;39,92;37,3;4,1
Copenhagen;HC Andersens Boulevard;15-03-2022 11:00;;37,94;86,11;0,02;30,38;75,5;20,45
Copenhagen;HC Andersens Boulevard;15-03-2022 10:00;;71,4;152,92;0,23;19,52;128,15;31,5
Copenhagen;HC Andersens Boulevard;15-03-2022 09:00;;77,08;199,25;0,14;11,79;190,1;37,2
Copenhagen;HC Andersens Boulevard;15-03-2022 08:00;;75,33;197,89;;12,07;99,15;29,8
Copenhagen;HC Andersens Boulevard;15-03-2022 07:00;;83,62;230,71;0,36;7,14;53,15;27,05
Copenhagen;HC Andersens Boulevard;15-03-2022 06:00;;75,51;192,14;0,14;4,71;49,8;22,65
Copenhagen;HC Andersens Boulevard;15-03-2022 05:00;;54,11;97,49;;19,16;35;21,45
Copenhagen;HC Andersens Boulevard;15-03-2022 04:00;;39,7;56,78;;25,43;29,55;17,5
Copenhagen;HC Andersens Boulevard;15-03-2022 03:00;;20,38;25,57;0,13;46,77;24,85;19
Copenhagen;HC Andersens Boulevard;15-03-2022 02:00;;17,31;19,97;;49,69;29,1;17,35
Copenhagen;HC Andersens Boulevard;15-03-2022 01:00;;15,96;18,82;0,02;54,94;27,4;18
Copenhagen;HC Andersens Boulevard;15-03-2022 00:00;;28,61;37,53;0,19;46,98;38,4;20,4
Copenhagen;HC Andersens Boulevard;14-03-2022 23:00;;42,68;57,08;0,07;37,17;46,5;21,85
Copenhagen;HC Andersens Boulevard;14-03-2022 22:00;;47,21;71,26;0,12;39,24;52,95;23,65
Copenhagen;HC Andersens Boulevard;14-03-2022 21:00;;48,76;76,26;0,32;40,83;50,15;24,65
Copenhagen;HC Andersens Boulevard;14-03-2022 20:00;;44,23;68,39;0,44;49,95;49,5;24,35
Copenhagen;HC Andersens Boulevard;14-03-2022 19:00;;41,11;61,38;0,7;58,95;51,85;29,55
Copenhagen;HC Andersens Boulevard;14-03-2022 18:00;;60,94;92,08;1,25;53,67;56,95;23,8
Copenhagen;HC Andersens Boulevard;14-03-2022 17:00;;43,56;62,6;2;72,75;47,85;24
Copenhagen;HC Andersens Boulevard;14-03-2022 16:00;;36,72;57,32;2,01;79,46;46,8;23,55
Copenhagen;HC Andersens Boulevard;14-03-2022 15:00;;50,18;88,64;2,37;65,59;54,95;21,95
Copenhagen;HC Andersens Boulevard;14-03-2022 14:00;;29,99;56,86;2,66;76,53;59,75;26,3
Copenhagen;HC Andersens Boulevard;14-03-2022 13:00;;31,88;61,39;3,24;73,97;65,15;27,45
Copenhagen;HC Andersens Boulevard;14-03-2022 12:00;;40,07;74,22;3,02;65,24;75,45;25,65
Copenhagen;HC Andersens Boulevard;14-03-2022 11:00;;32,51;63,21;2,69;66,77;78;11,85
Copenhagen;HC Andersens Boulevard;14-03-2022 10:00;;40,63;93,89;2,12;57,81;62,55;10,55
Copenhagen;HC Andersens Boulevard;14-03-2022 09:00;;50,1;102,93;1,08;48,39;66,45;22,9
Copenhagen;HC Andersens Boulevard;14-03-2022 08:00;;51,14;98,29;0,32;47,04;77,1;23,3
Copenhagen;HC Andersens Boulevard;14-03-2022 07:00;;52,76;96,27;0,46;49,23;61,35;23,15
Copenhagen;HC Andersens Boulevard;14-03-2022 06:00;;75,45;125,67;0,27;48,7;81;22,9
Copenhagen;HC Andersens Boulevard;14-03-2022 05:00;;37,45;59,48;;50,31;60,9;20,95
Copenhagen;HC Andersens Boulevard;14-03-2022 04:00;;21,95;28,46;0,04;65;43,55;22,15
Copenhagen;HC Andersens Boulevard;14-03-2022 03:00;;11,37;13,67;0,72;75,72;32,3;19,85
Copenhagen;HC Andersens Boulevard;14-03-2022 02:00;;8,29;9,8;0,82;81,31;47,9;15,4
Copenhagen;HC Andersens Boulevard;14-03-2022 01:00;;10,72;14,05;0,93;79,41;20,4;13,3
Copenhagen;HC Andersens Boulevard;14-03-2022 00:00;;19,06;26,53;0,67;73,81;25,7;14,8
Copenhagen;HC Orsted Boulevard;17-03-2022 12:00;0,32;12,11;12,8;;54,7;;
Copenhagen;HC Orsted Boulevard;17-03-2022 11:00;0,33;12,85;13,98;;60,62;;
Copenhagen;HC Orsted Boulevard;17-03-2022 10:00;0,3;12,78;13,23;;68,24;;
Copenhagen;HC Orsted Boulevard;17-03-2022 09:00;0,28;10,96;11,7;;70,93;;
Copenhagen;HC Orsted Boulevard;17-03-2022 08:00;0,28;12,63;13,5;;60,45;;
Copenhagen;HC Orsted Boulevard;17-03-2022 07:00;0,27;10,62;10,55;;62,13;;
Copenhagen;HC Orsted Boulevard;17-03-2022 06:00;0,25;9,07;8,15;;67,24;;
Copenhagen;HC Orsted Boulevard;17-03-2022 05:00;0,23;5,59;4,49;;73,59;;
Copenhagen;HC Orsted Boulevard;17-03-2022 04:00;0,23;4,07;2,96;;76,1;;
Copenhagen;HC Orsted Boulevard;17-03-2022 03:00;0,25;6,4;6,96;;62,21;;
Copenhagen;HC Orsted Boulevard;17-03-2022 02:00;0,26;7,94;8,71;;60,09;;
Copenhagen;HC Orsted Boulevard;17-03-2022 01:00;0,27;8,92;9,45;;60,87;;
Copenhagen;HC Orsted Boulevard;17-03-2022 00:00;0,28;9,85;10,84;;57,49;;
Copenhagen;HC Orsted Boulevard;16-03-2022 23:00;0,27;11,33;12,07;;55,02;;
Copenhagen;HC Orsted Boulevard;16-03-2022 22:00;0,27;9,82;10,53;;63,73;;
Copenhagen;HC Orsted Boulevard;16-03-2022 21:00;0,26;11,66;12,9;;62,53;;
Copenhagen;HC Orsted Boulevard;16-03-2022 20:00;0,25;11,34;12,38;;69,84;;
Copenhagen;HC Orsted Boulevard;16-03-2022 19:00;0,24;10,81;11,61;;72,85;;
Copenhagen;HC Orsted Boulevard;16-03-2022 18:00;0,24;10,36;11,41;;70,78;;
Copenhagen;HC Orsted Boulevard;16-03-2022 17:00;0,23;18,22;19,4;;55,55;;
Copenhagen;HC Orsted Boulevard;16-03-2022 16:00;0,24;17,18;20,69;;52,22;;
Copenhagen;HC Orsted Boulevard;16-03-2022 15:00;0,25;17,14;23,74;;52,22;;
Copenhagen;HC Orsted Boulevard;16-03-2022 14:00;0,25;19,52;27,91;;55,49;;
Copenhagen;HC Orsted Boulevard;16-03-2022 13:00;0,22;14,76;21,35;;58,11;;
Copenhagen;HC Orsted Boulevard;16-03-2022 12:00;0,26;16,5;25,39;;55,16;;
Copenhagen;HC Orsted Boulevard;16-03-2022 11:00;0,33;18,11;24,77;;51,97;;
Copenhagen;HC Orsted Boulevard;16-03-2022 10:00;0,25;14,01;17,71;;54,5;;
Copenhagen;HC Orsted Boulevard;16-03-2022 09:00;0,23;12,21;14,73;;56,62;;
Copenhagen;HC Orsted Boulevard;16-03-2022 08:00;0,2;14,1;17,07;;55,07;;
Copenhagen;HC Orsted Boulevard;16-03-2022 07:00;0,18;9,23;10,69;;54,49;;
Copenhagen;HC Orsted Boulevard;16-03-2022 06:00;0,19;10,02;10,79;;53,25;;
Copenhagen;HC Orsted Boulevard;16-03-2022 05:00;0,2;5,22;5,22;;59,06;;
Copenhagen;HC Orsted Boulevard;16-03-2022 04:00;0,21;4,93;5,2;;60,75;;
Copenhagen;HC Orsted Boulevard;16-03-2022 03:00;0,2;4,61;4,5;;64,38;;
Copenhagen;HC Orsted Boulevard;16-03-2022 02:00;0,21;3,47;3,27;;67,88;;
Copenhagen;HC Orsted Boulevard;16-03-2022 01:00;0,21;5,3;5,04;;65,28;;
Copenhagen;HC Orsted Boulevard;16-03-2022 00:00;0,23;6,47;5,86;;66,21;;
Copenhagen;HC Orsted Boulevard;15-03-2022 23:00;0,23;10,83;11,3;;62,81;;
Copenhagen;HC Orsted Boulevard;15-03-2022 22:00;0,21;15,33;15,42;;54,22;;
Copenhagen;HC Orsted Boulevard;15-03-2022 21:00;0,23;11,26;11,11;;60,76;;
Copenhagen;HC Orsted Boulevard;15-03-2022 20:00;0,24;13,76;14,28;;55,98;;
Copenhagen;HC Orsted Boulevard;15-03-2022 19:00;0,24;13,94;14,12;;53,66;;
Copenhagen;HC Orsted Boulevard;15-03-2022 18:00;0,24;16,65;16,49;;51,7;;
Copenhagen;HC Orsted Boulevard;15-03-2022 17:00;0,24;12,79;13,46;;55,41;;
Copenhagen;HC Orsted Boulevard;15-03-2022 16:00;0,25;14,31;15,34;;55,99;;
Copenhagen;HC Orsted Boulevard;15-03-2022 15:00;0,24;11,39;12,56;;56,59;;
Copenhagen;HC Orsted Boulevard;15-03-2022 14:00;0,24;12,53;13,74;;49,98;;
Copenhagen;HC Orsted Boulevard;15-03-2022 13:00;0,23;12,42;14,15;;47,67;;
Copenhagen;HC Orsted Boulevard;15-03-2022 12:00;0,25;12,44;14,69;;47,06;;
Copenhagen;HC Orsted Boulevard;15-03-2022 11:00;0,28;17,95;23,34;;38,5;;
Copenhagen;HC Orsted Boulevard;15-03-2022 10:00;0,33;32,17;40,07;;43,43;;
Copenhagen;HC Orsted Boulevard;15-03-2022 09:00;0,43;52,05;76,11;;21,76;;
Copenhagen;HC Orsted Boulevard;15-03-2022 08:00;0,42;45,58;65,42;;21,95;;
Copenhagen;HC Orsted Boulevard;15-03-2022 07:00;0,34;29,74;35,63;;30,16;;
Copenhagen;HC Orsted Boulevard;15-03-2022 06:00;0,28;23,77;24,38;;32,15;;
Copenhagen;HC Orsted Boulevard;15-03-2022 05:00;0,24;18,21;18,42;;38,86;;
Copenhagen;HC Orsted Boulevard;15-03-2022 04:00;0,27;16,2;16,73;;47,81;;
Copenhagen;HC Orsted Boulevard;15-03-2022 03:00;0,28;14,13;13,74;;51,19;;
Copenhagen;HC Orsted Boulevard;15-03-2022 02:00;0,29;11,53;11,13;;53,37;;
Copenhagen;HC Orsted Boulevard;15-03-2022 01:00;0,28;10,39;10,06;;59,99;;
Copenhagen;HC Orsted Boulevard;15-03-2022 00:00;0,29;14,47;14,24;;58,33;;
Copenhagen;HC Orsted Boulevard;14-03-2022 23:00;0,3;17,84;18,04;;55,69;;
Copenhagen;HC Orsted Boulevard;14-03-2022 22:00;0,3;15,97;15,93;;61,41;;
Copenhagen;HC Orsted Boulevard;14-03-2022 21:00;0,3;18,7;18,88;;62,99;;
Copenhagen;HC Orsted Boulevard;14-03-2022 20:00;0,3;20,71;20,73;;66,5;;
Copenhagen;HC Orsted Boulevard;14-03-2022 19:00;0,3;13,98;14,25;;79,56;;
Copenhagen;HC Orsted Boulevard;14-03-2022 18:00;0,32;17,61;17,93;;84,93;;
Copenhagen;HC Orsted Boulevard;14-03-2022 17:00;0,34;15,37;16,78;;91,62;;
Copenhagen;HC Orsted Boulevard;14-03-2022 16:00;0,34;13,7;15,22;;94,4;;
Copenhagen;HC Orsted Boulevard;14-03-2022 15:00;0,36;15,06;17,85;;89,12;;
Copenhagen;HC Orsted Boulevard;14-03-2022 14:00;0,35;12,82;15,84;;89,61;;
Copenhagen;HC Orsted Boulevard;14-03-2022 13:00;0,34;11,56;14,77;;89,09;;
Copenhagen;HC Orsted Boulevard;14-03-2022 12:00;0,35;11,54;14,57;;82,46;;
Copenhagen;HC Orsted Boulevard;14-03-2022 11:00;0,33;12,36;15,72;;80,37;;
Copenhagen;HC Orsted Boulevard;14-03-2022 10:00;0,32;11,09;14,18;;78,63;;
Copenhagen;HC Orsted Boulevard;14-03-2022 09:00;0,32;12,49;15,8;;73,24;;
Copenhagen;HC Orsted Boulevard;14-03-2022 08:00;0,3;16,79;20,37;;70,25;;
Copenhagen;HC Orsted Boulevard;14-03-2022 07:00;0,3;24,03;26,75;;62,73;;
Copenhagen;HC Orsted Boulevard;14-03-2022 06:00;0,28;22,82;23,42;;62,53;;
Copenhagen;HC Orsted Boulevard;14-03-2022 05:00;0,28;15,89;15,88;;67,44;;
Copenhagen;HC Orsted Boulevard;14-03-2022 04:00;0,27;28,19;28,15;;54,76;;
Copenhagen;HC Orsted Boulevard;14-03-2022 03:00;0,24;13,11;12,53;;74,43;;
Copenhagen;HC Orsted Boulevard;14-03-2022 02:00;0,25;9,56;8,92;;78,73;;
Copenhagen;HC Orsted Boulevard;14-03-2022 01:00;0,24;9,22;9,11;;80,85;;
Copenhagen;HC Orsted Boulevard;14-03-2022 00:00;0,24;14,34;14,61;;76,38;;
Copenhagen;Hvidovre;17-03-2022 12:00;;6,48;8,51;;;;
Copenhagen;Hvidovre;17-03-2022 11:00;;0;3,73;;;;
Copenhagen;Hvidovre;17-03-2022 08:00;;9,01;10,02;;;;
Copenhagen;Hvidovre;17-03-2022 07:00;;9,32;10,33;;;;
Copenhagen;Hvidovre;17-03-2022 06:00;;9,03;9,66;;;;
Copenhagen;Hvidovre;17-03-2022 05:00;;6,16;5,84;;;;
Copenhagen;Hvidovre;17-03-2022 04:00;;6,59;6,2;;;;
Copenhagen;Hvidovre;17-03-2022 03:00;;6,56;6,37;;;;
Copenhagen;Hvidovre;17-03-2022 02:00;;10,03;9,59;;;;
Copenhagen;Hvidovre;17-03-2022 01:00;;8,56;8,01;;;;
Copenhagen;Hvidovre;17-03-2022 00:00;;7,81;7,56;;;;
Copenhagen;Hvidovre;16-03-2022 23:00;;10,25;10,21;;;;
Copenhagen;Hvidovre;16-03-2022 22:00;;9,16;9,54;;;;
Copenhagen;Hvidovre;16-03-2022 21:00;;11,25;10,71;;;;
Copenhagen;Hvidovre;16-03-2022 20:00;;9,58;9,16;;;;
Copenhagen;Hvidovre;16-03-2022 19:00;;10,97;10,61;;;;
Copenhagen;Hvidovre;16-03-2022 18:00;;9,65;9,16;;;;
Copenhagen;Hvidovre;16-03-2022 17:00;;10,36;10,26;;;;
Copenhagen;Hvidovre;16-03-2022 16:00;;8,41;7,81;;;;
Copenhagen;Hvidovre;16-03-2022 15:00;;9,74;10,61;;;;
Copenhagen;Hvidovre;16-03-2022 14:00;;13,41;18,54;;;;
Copenhagen;Hvidovre;16-03-2022 13:00;;9,86;13,64;;;;
Copenhagen;Hvidovre;16-03-2022 12:00;;15,54;22,52;;;;
Copenhagen;Hvidovre;16-03-2022 11:00;;19,39;28,64;;;;
Copenhagen;Hvidovre;16-03-2022 10:00;;17,22;21,45;;;;
Copenhagen;Hvidovre;16-03-2022 09:00;;17,29;20,05;;;;
Copenhagen;Hvidovre;16-03-2022 08:00;;21,07;23,79;;;;
Copenhagen;Hvidovre;16-03-2022 07:00;;16,52;17,77;;;;
Copenhagen;Hvidovre;16-03-2022 06:00;;11,47;11,56;;;;
Copenhagen;Hvidovre;16-03-2022 05:00;;7,21;6,77;;;;
Copenhagen;Hvidovre;16-03-2022 04:00;;8,03;7,95;;;;
Copenhagen;Hvidovre;16-03-2022 03:00;;6,37;6,26;;;;
Copenhagen;Hvidovre;16-03-2022 02:00;;7,66;8,35;;;;
Copenhagen;Hvidovre;16-03-2022 01:00;;11,66;12,3;;;;
Copenhagen;Hvidovre;16-03-2022 00:00;;15,64;16,18;;;;
Copenhagen;Hvidovre;15-03-2022 23:00;;11,35;11,93;;;;
Copenhagen;Hvidovre;15-03-2022 22:00;;13,17;13,73;;;;
Copenhagen;Hvidovre;15-03-2022 21:00;;13,59;13,26;;;;
Copenhagen;Hvidovre;15-03-2022 20:00;;10,53;10,83;;;;
Copenhagen;Hvidovre;15-03-2022 19:00;;12,85;13,03;;;;
Copenhagen;Hvidovre;15-03-2022 18:00;;14,28;15,03;;;;
Copenhagen;Hvidovre;15-03-2022 17:00;;12,07;12,61;;;;
Copenhagen;Hvidovre;15-03-2022 16:00;;11,76;13,04;;;;
Copenhagen;Hvidovre;15-03-2022 15:00;;12,26;14,03;;;;
Copenhagen;Hvidovre;15-03-2022 14:00;;9,47;10,91;;;;
Copenhagen;Hvidovre;15-03-2022 13:00;;9,4;10,91;;;;
Copenhagen;Hvidovre;15-03-2022 12:00;;13,73;16,51;;;;
Copenhagen;Hvidovre;15-03-2022 11:00;;18,68;23,6;;;;
Copenhagen;Hvidovre;15-03-2022 10:00;;26,23;33,64;;;;
Copenhagen;Hvidovre;15-03-2022 09:00;;49,61;84,35;;;;
Copenhagen;Hvidovre;15-03-2022 08:00;;62,39;148,07;;;;
Copenhagen;Hvidovre;15-03-2022 07:00;;52,27;141,55;;;;
Copenhagen;Hvidovre;15-03-2022 06:00;;42,99;63,78;;;;
Copenhagen;Hvidovre;15-03-2022 05:00;;25,77;28,21;;;;
Copenhagen;Hvidovre;15-03-2022 04:00;;25,86;28,52;;;;
Copenhagen;Hvidovre;15-03-2022 03:00;;24,16;24,14;;;;
Copenhagen;Hvidovre;15-03-2022 02:00;;23,7;23,59;;;;
Copenhagen;Hvidovre;15-03-2022 01:00;;29,6;29,67;;;;
Copenhagen;Hvidovre;15-03-2022 00:00;;27,83;27,49;;;;
Copenhagen;Hvidovre;14-03-2022 23:00;;24,56;24,27;;;;
Copenhagen;Hvidovre;14-03-2022 22:00;;25,43;25,2;;;;
Copenhagen;Hvidovre;14-03-2022 21:00;;23,8;23,3;;;;
Copenhagen;Hvidovre;14-03-2022 20:00;;28,72;28,91;;;;
Copenhagen;Hvidovre;14-03-2022 19:00;;25,74;25,33;;;;
Copenhagen;Hvidovre;14-03-2022 18:00;;21,6;21,41;;;;
Copenhagen;Hvidovre;14-03-2022 17:00;;19,6;20,08;;;;
Copenhagen;Hvidovre;14-03-2022 16:00;;12,16;12,45;;;;
Copenhagen;Hvidovre;14-03-2022 15:00;;13,16;14,52;;;;
Copenhagen;Hvidovre;14-03-2022 14:00;;11,79;13,32;;;;
Copenhagen;Hvidovre;14-03-2022 13:00;;11,36;12,47;;;;
Copenhagen;Hvidovre;14-03-2022 12:00;;12,02;13,78;;;;
Copenhagen;Hvidovre;14-03-2022 11:00;;10,53;12,28;;;;
Copenhagen;Hvidovre;14-03-2022 10:00;;9,68;11,22;;;;
Copenhagen;Hvidovre;14-03-2022 09:00;;10,53;11,96;;;;
Copenhagen;Hvidovre;14-03-2022 08:00;;12,92;14,32;;;;
Copenhagen;Hvidovre;14-03-2022 07:00;;17,45;19,89;;;;
Copenhagen;Hvidovre;14-03-2022 06:00;;11,81;11,95;;;;
Copenhagen;Hvidovre;14-03-2022 05:00;;9,01;8,58;;;;
Copenhagen;Hvidovre;14-03-2022 04:00;;9,1;7,73;;;;
Copenhagen;Hvidovre;14-03-2022 03:00;;9,01;8,42;;;;
Copenhagen;Hvidovre;14-03-2022 02:00;;8,79;8,73;;;;
Copenhagen;Hvidovre;14-03-2022 01:00;;10,01;9,62;;;;
Copenhagen;Hvidovre;14-03-2022 00:00;;8,75;8,41;;;;
Odense;Gronnelykkevej;17-03-2022 12:00;0,34;16,77;26,79;;;;
Odense;Gronnelykkevej;17-03-2022 11:00;0,31;17,88;27,24;;;;
Odense;Gronnelykkevej;17-03-2022 10:00;0,28;13,63;19,71;;;;
Odense;Gronnelykkevej;17-03-2022 09:00;0,3;11,96;17,11;;;;
Odense;Gronnelykkevej;17-03-2022 08:00;0,29;12,38;17,7;;;;
Odense;Gronnelykkevej;17-03-2022 07:00;0,31;12,88;20,35;;;;
Odense;Gronnelykkevej;17-03-2022 06:00;0,26;8,91;12,54;;;;
Odense;Gronnelykkevej;17-03-2022 05:00;0,24;6,01;7,99;;;;
Odense;Gronnelykkevej;17-03-2022 04:00;0,28;4,05;4,79;;;;
Odense;Gronnelykkevej;17-03-2022 03:00;0,28;3,9;3,8;;;;
Odense;Gronnelykkevej;17-03-2022 02:00;0,27;3,12;2,91;;;;
Odense;Gronnelykkevej;17-03-2022 01:00;0,26;3,51;3,06;;;;
Odense;Gronnelykkevej;17-03-2022 00:00;0,26;3,91;4,39;;;;
Odense;Gronnelykkevej;16-03-2022 23:00;0,24;4,91;5,37;;;;
Odense;Gronnelykkevej;16-03-2022 22:00;0,29;7,77;9,99;;;;
Odense;Gronnelykkevej;16-03-2022 21:00;0,31;8,68;10,21;;;;
Odense;Gronnelykkevej;16-03-2022 20:00;0,31;9,15;10,75;;;;
Odense;Gronnelykkevej;16-03-2022 19:00;0,31;11,05;16,39;;;;
Odense;Gronnelykkevej;16-03-2022 18:00;0,31;12,37;16,72;;;;
Odense;Gronnelykkevej;16-03-2022 17:00;0,31;12,99;20,43;;;;
Odense;Gronnelykkevej;16-03-2022 16:00;0,33;15,97;26,15;;;;
Odense;Gronnelykkevej;16-03-2022 15:00;0,32;14,2;24,17;;;;
Odense;Gronnelykkevej;16-03-2022 14:00;0,32;13,15;23,78;;;;
Odense;Gronnelykkevej;16-03-2022 13:00;0,3;14,85;25,12;;;;
Odense;Gronnelykkevej;16-03-2022 12:00;0,28;15,78;26,99;;;;
Odense;Gronnelykkevej;16-03-2022 11:00;0,24;14,42;24,67;;;;
Odense;Gronnelykkevej;16-03-2022 10:00;0,25;16,32;28,56;;;;
Odense;Gronnelykkevej;16-03-2022 09:00;0,22;18,87;35,08;;;;
Odense;Gronnelykkevej;16-03-2022 08:00;0,24;23,07;40,6;;;;
Odense;Gronnelykkevej;16-03-2022 07:00;0,26;21,71;38,46;;;;
Odense;Gronnelykkevej;16-03-2022 06:00;0,27;17,25;31;;;;
Odense;Gronnelykkevej;16-03-2022 05:00;0,3;23,09;30,05;;;;
Odense;Gronnelykkevej;16-03-2022 04:00;0,31;24,88;33,03;;;;
Odense;Gronnelykkevej;16-03-2022 03:00;0,21;13,38;14,39;;;;
Odense;Gronnelykkevej;16-03-2022 02:00;0,23;13,75;14,14;;;;
Odense;Gronnelykkevej;16-03-2022 01:00;0,24;16,98;18,58;;;;
Odense;Gronnelykkevej;16-03-2022 00:00;0,26;29,97;34,1;;;;
Odense;Gronnelykkevej;15-03-2022 23:00;0,51;38,89;71;;;;
Odense;Gronnelykkevej;15-03-2022 22:00;0,52;45,74;76,73;;;;
Odense;Gronnelykkevej;15-03-2022 21:00;0,57;51,59;97,46;;;;
Odense;Gronnelykkevej;15-03-2022 20:00;0,46;46,23;76,5;;;;
Odense;Gronnelykkevej;15-03-2022 19:00;0,4;44,95;64,77;;;;
Odense;Gronnelykkevej;15-03-2022 18:00;0,3;28,34;40,16;;;;
Odense;Gronnelykkevej;15-03-2022 17:00;0,32;23,27;36,35;;;;
Odense;Gronnelykkevej;15-03-2022 16:00;0,32;14,89;25,37;;;;
Odense;Gronnelykkevej;15-03-2022 15:00;0,31;13,37;24,99;;;;
Odense;Gronnelykkevej;15-03-2022 14:00;0,25;12,55;24,89;;;;
Odense;Gronnelykkevej;15-03-2022 13:00;0,28;12;24,7;;;;
Odense;Gronnelykkevej;15-03-2022 12:00;0,27;10,8;22,11;;;;
Odense;Gronnelykkevej;15-03-2022 11:00;0,24;10,21;18,49;;;;
Odense;Gronnelykkevej;15-03-2022 10:00;0,23;11,5;22,57;;;;
Odense;Gronnelykkevej;15-03-2022 09:00;0,28;17,71;34,88;;;;
Odense;Gronnelykkevej;15-03-2022 08:00;0,28;18,27;32,4;;;;
Odense;Gronnelykkevej;15-03-2022 07:00;0,29;20,58;38,25;;;;
Odense;Gronnelykkevej;15-03-2022 06:00;0,27;13,67;24,13;;;;
Odense;Gronnelykkevej;15-03-2022 05:00;0,24;9,44;11,64;;;;
Odense;Gronnelykkevej;15-03-2022 04:00;0,26;12,11;16,49;;;;
Odense;Gronnelykkevej;15-03-2022 03:00;0,36;14,49;16,45;;;;
Odense;Gronnelykkevej;15-03-2022 02:00;0,41;21,87;23,13;;;;
Odense;Gronnelykkevej;15-03-2022 01:00;0,43;36,2;38,67;;;;
Odense;Gronnelykkevej;15-03-2022 00:00;0,53;51,86;55,84;;;;
Odense;Gronnelykkevej;14-03-2022 23:00;0,68;60;81,41;;;;
Odense;Gronnelykkevej;14-03-2022 22:00;1,22;70,16;152,47;;;;
Odense;Gronnelykkevej;14-03-2022 21:00;0,87;74,42;143,28;;;;
Odense;Gronnelykkevej;14-03-2022 20:00;0,8;77,97;138,63;;;;
Odense;Gronnelykkevej;14-03-2022 19:00;0,48;45,14;58,75;;;;
Odense;Gronnelykkevej;14-03-2022 18:00;0,46;45,6;63,61;;;;
Odense;Gronnelykkevej;14-03-2022 17:00;0,42;34,63;45,64;;;;
Odense;Gronnelykkevej;14-03-2022 16:00;0,4;25,16;32,81;;;;
Odense;Gronnelykkevej;14-03-2022 15:00;0,41;23,66;33,53;;;;
Odense;Gronnelykkevej;14-03-2022 14:00;0,39;19,14;27,83;;;;
Odense;Gronnelykkevej;14-03-2022 13:00;0,36;14,41;21,85;;;;
Odense;Gronnelykkevej;14-03-2022 12:00;0,37;13,87;19,91;;;;
Odense;Gronnelykkevej;14-03-2022 11:00;0,35;14,17;21,44;;;;
Odense;Gronnelykkevej;14-03-2022 10:00;0,3;15,25;23,98;;;;
Odense;Gronnelykkevej;14-03-2022 09:00;0,3;14,85;23,48;;;;
Odense;Gronnelykkevej;14-03-2022 08:00;0,32;20,55;31,62;;;;
Odense;Gronnelykkevej;14-03-2022 07:00;0,34;27,07;41,15;;;;
Odense;Gronnelykkevej;14-03-2022 06:00;0,3;21,59;30,16;;;;
Odense;Gronnelykkevej;14-03-2022 05:00;0,28;10,09;12,2;;;;
Odense;Gronnelykkevej;14-03-2022 04:00;0,25;7,19;8,59;;;;
Odense;Gronnelykkevej;14-03-2022 03:00;0,22;6,23;7,46;;;;
Odense;Gronnelykkevej;14-03-2022 02:00;0,28;7,21;7,68;;;;
Odense;Gronnelykkevej;14-03-2022 01:00;0,28;8,54;9,32;;;;
Odense;Gronnelykkevej;14-03-2022 00:00;0,27;7,54;8,98;;;;
Odense;Raadhus;17-03-2022 12:00;;10,21;11,36;49,94;;;
Odense;Raadhus;17-03-2022 11:00;;10,53;11,06;55,21;;;
Odense;Raadhus;17-03-2022 10:00;;9,14;10,41;58,91;;;
Odense;Raadhus;17-03-2022 09:00;;8,56;9,63;53,83;;;
Odense;Raadhus;17-03-2022 08:00;;8,46;9,97;51,75;;;
Odense;Raadhus;17-03-2022 07:00;;7,59;8,57;54,41;;;
Odense;Raadhus;17-03-2022 06:00;;6,08;6,64;56,86;;;
Odense;Raadhus;17-03-2022 05:00;;2,35;2,43;64,73;;;
Odense;Raadhus;17-03-2022 04:00;;1,67;1,54;66,52;;;
Odense;Raadhus;17-03-2022 03:00;;1,6;1,5;67,55;;;
Odense;Raadhus;17-03-2022 02:00;;0,55;0,59;66,9;;;
Odense;Raadhus;17-03-2022 01:00;;0,82;0,98;69,19;;;
Odense;Raadhus;17-03-2022 00:00;;1,31;1,78;68,55;;;
Odense;Raadhus;16-03-2022 23:00;;2,03;2,13;66,75;;;
Odense;Raadhus;16-03-2022 22:00;;4,79;4,97;62,87;;;
Odense;Raadhus;16-03-2022 21:00;;5,06;5,38;64,74;;;
Odense;Raadhus;16-03-2022 20:00;;4,97;5,01;66,94;;;
Odense;Raadhus;16-03-2022 19:00;;4,85;5,21;66,32;;;
Odense;Raadhus;16-03-2022 18:00;;5,56;5,74;69,6;;;
Odense;Raadhus;16-03-2022 17:00;;4,7;5,08;69,32;;;
Odense;Raadhus;16-03-2022 16:00;;5,27;6,51;64,02;;;
Odense;Raadhus;16-03-2022 15:00;;6,12;8,5;63,93;;;
Odense;Raadhus;16-03-2022 14:00;;3,84;5,74;67,5;;;
Odense;Raadhus;16-03-2022 13:00;;3,68;5,43;66,94;;;
Odense;Raadhus;16-03-2022 12:00;;2,95;4,58;66,36;;;
Odense;Raadhus;16-03-2022 11:00;;3,3;5,03;64,35;;;
Odense;Raadhus;16-03-2022 10:00;;5,85;8,3;59,14;;;
Odense;Raadhus;16-03-2022 09:00;;9,65;12,51;47,78;;;
Odense;Raadhus;16-03-2022 08:00;;11,8;15,13;42,2;;;
Odense;Raadhus;16-03-2022 07:00;;10,99;12,56;36,68;;;
Odense;Raadhus;16-03-2022 06:00;;11,36;12,79;27,26;;;
Odense;Raadhus;16-03-2022 05:00;;8,7;9,18;24,07;;;
Odense;Raadhus;16-03-2022 04:00;;31,17;33,7;5,73;;;
Odense;Raadhus;16-03-2022 03:00;;14,69;15,16;19,83;;;
Odense;Raadhus;16-03-2022 02:00;;12,6;12,03;17,46;;;
Odense;Raadhus;16-03-2022 01:00;;17,48;17,1;16,26;;;
Odense;Raadhus;16-03-2022 00:00;;37,01;40,26;7,5;;;
Odense;Raadhus;15-03-2022 23:00;;37,79;42,35;8,08;;;
Odense;Raadhus;15-03-2022 22:00;;39,79;41,68;12,72;;;
Odense;Raadhus;15-03-2022 21:00;;30,74;30,78;25,06;;;
Odense;Raadhus;15-03-2022 20:00;;26,28;26,31;33,41;;;
Odense;Raadhus;15-03-2022 19:00;;17,21;16,89;44,75;;;
Odense;Raadhus;15-03-2022 18:00;;15,36;15,23;50,11;;;
Odense;Raadhus;15-03-2022 17:00;;12,39;13,04;57,13;;;
Odense;Raadhus;15-03-2022 16:00;;6,73;8,36;63,47;;;
Odense;Raadhus;15-03-2022 15:00;;5,64;8,27;62,74;;;
Odense;Raadhus;15-03-2022 14:00;;5,1;7,17;64,4;;;
Odense;Raadhus;15-03-2022 13:00;;4,72;6,7;63,54;;;
Odense;Raadhus;15-03-2022 12:00;;4,47;6,72;60,48;;;
Odense;Raadhus;15-03-2022 11:00;;4,66;6,13;58,17;;;
Odense;Raadhus;15-03-2022 10:00;;4,14;4,92;59,54;;;
Odense;Raadhus;15-03-2022 09:00;;5,34;5,83;55,91;;;
Odense;Raadhus;15-03-2022 08:00;;6,9;7,69;50,87;;;
Odense;Raadhus;15-03-2022 07:00;;7,93;8,88;48,35;;;
Odense;Raadhus;15-03-2022 06:00;;4,82;4,75;48,83;;;
Odense;Raadhus;15-03-2022 05:00;;5,11;4,93;41,72;;;
Odense;Raadhus;15-03-2022 04:00;;6,12;5,58;34,84;;;
Odense;Raadhus;15-03-2022 03:00;;10,44;10,91;27,78;;;
Odense;Raadhus;15-03-2022 02:00;;16,63;17,61;30,81;;;
Odense;Raadhus;15-03-2022 01:00;;30,21;31,18;37,1;;;
Odense;Raadhus;15-03-2022 00:00;;45,76;46,79;26,72;;;
Odense;Raadhus;14-03-2022 23:00;;23,99;24,28;52,47;;;
Odense;Raadhus;14-03-2022 22:00;;30,55;31,38;52,01;;;
Odense;Raadhus;14-03-2022 21:00;;40,7;41,67;42,54;;;
Odense;Raadhus;14-03-2022 20:00;;33,43;33,92;52,07;;;
Odense;Raadhus;14-03-2022 19:00;;24,82;25,37;65;;;
Odense;Raadhus;14-03-2022 18:00;;18,55;18,73;73,92;;;
Odense;Raadhus;14-03-2022 17:00;;15,16;16,27;81,05;;;
Odense;Raadhus;14-03-2022 16:00;;14,74;16,89;85,31;;;
Odense;Raadhus;14-03-2022 15:00;;10,65;12,78;89,09;;;
Odense;Raadhus;14-03-2022 14:00;;9,57;12,22;87,93;;;
Odense;Raadhus;14-03-2022 13:00;;7,16;9,8;89,67;;;
Odense;Raadhus;14-03-2022 12:00;;7,13;9,55;84,42;;;
Odense;Raadhus;14-03-2022 11:00;;8,11;11,32;79,35;;;
Odense;Raadhus;14-03-2022 10:00;;7,62;10,44;77,75;;;
Odense;Raadhus;14-03-2022 09:00;;8,47;11,26;74,5;;;
Odense;Raadhus;14-03-2022 08:00;;12,54;15,3;69,25;;;
Odense;Raadhus;14-03-2022 07:00;;19,84;22,47;61,16;;;
Odense;Raadhus;14-03-2022 06:00;;11,9;13,22;67,2;;;
Odense;Raadhus;14-03-2022 05:00;;5,78;5,82;71,49;;;
Odense;Raadhus;14-03-2022 04:00;;4,31;4,09;74,46;;;
Odense;Raadhus;14-03-2022 03:00;;5,17;5,01;75,88;;;
Odense;Raadhus;14-03-2022 02:00;;5,23;4,61;77,2;;;
Odense;Raadhus;14-03-2022 01:00;;6,16;5,88;77,23;;;
Odense;Raadhus;14-03-2022 00:00;;4,96;4,82;80,54;;;
Anholt;Anholt;17-03-2022 12:00;;7,06;6,74;;;;
Anholt;Anholt;17-03-2022 11:00;;4,88;4,82;;;;
Anholt;Anholt;17-03-2022 10:00;;4,89;4,47;;;;
Anholt;Anholt;17-03-2022 09:00;;4,78;4,39;;;;
Anholt;Anholt;17-03-2022 08:00;;4,06;3,58;;;;
Anholt;Anholt;17-03-2022 07:00;;4,51;4,4;;;;
Anholt;Anholt;17-03-2022 06:00;;3,2;3,01;;;;
Anholt;Anholt;17-03-2022 05:00;;3,07;2,61;;;;
Anholt;Anholt;17-03-2022 04:00;;3,83;3,75;;;;
Anholt;Anholt;17-03-2022 03:00;;6,02;5,58;;;;
Anholt;Anholt;17-03-2022 02:00;;5,5;4,97;;;;
Anholt;Anholt;17-03-2022 01:00;;7,5;7,31;;;;
Anholt;Anholt;17-03-2022 00:00;;7,28;7,25;;;;
Anholt;Anholt;16-03-2022 23:00;;16,55;16,35;;;;
Anholt;Anholt;16-03-2022 22:00;;7,87;7,52;;;;
Anholt;Anholt;16-03-2022 21:00;;5,16;4,93;;;;
Anholt;Anholt;16-03-2022 20:00;;15,9;15,72;;;;
Anholt;Anholt;16-03-2022 19:00;;6,93;6,76;;;;
Anholt;Anholt;16-03-2022 18:00;;1,45;1,3;;;;
Anholt;Anholt;16-03-2022 17:00;;1,3;1,03;;;;
Anholt;Anholt;16-03-2022 16:00;;2;1,93;;;;
Anholt;Anholt;16-03-2022 15:00;;1,57;1,43;;;;
Anholt;Anholt;16-03-2022 14:00;;1,58;1,5;;;;
Anholt;Anholt;16-03-2022 13:00;;2,32;2,6;;;;
Anholt;Anholt;16-03-2022 12:00;;7,2;9,07;;;;
Anholt;Anholt;16-03-2022 11:00;;2,88;2,88;;;;
Anholt;Anholt;16-03-2022 10:00;;2,47;2,86;;;;
Anholt;Anholt;16-03-2022 09:00;;2,73;3,04;;;;
Anholt;Anholt;16-03-2022 08:00;;3,45;3,4;;;;
Anholt;Anholt;16-03-2022 07:00;;10,08;10,63;;;;
Anholt;Anholt;16-03-2022 06:00;;16,28;16,68;;;;
Anholt;Anholt;16-03-2022 05:00;;2,91;3,54;;;;
Anholt;Anholt;16-03-2022 04:00;;1,48;2,19;;;;
Anholt;Anholt;16-03-2022 03:00;;1,96;2,48;;;;
Anholt;Anholt;16-03-2022 02:00;;1,68;2,69;;;;
Anholt;Anholt;16-03-2022 01:00;;6,75;7,24;;;;
Anholt;Anholt;16-03-2022 00:00;;4,34;4,93;;;;
Anholt;Anholt;15-03-2022 23:00;;3,68;4,46;;;;
Anholt;Anholt;15-03-2022 22:00;;4,54;5,42;;;;
Anholt;Anholt;15-03-2022 21:00;;2,27;3,41;;;;
Anholt;Anholt;15-03-2022 20:00;;3,32;3,99;;;;
Anholt;Anholt;15-03-2022 19:00;;3,04;4,05;;;;
Anholt;Anholt;15-03-2022 18:00;;2,77;3,76;;;;
Anholt;Anholt;15-03-2022 17:00;;2,08;2,95;;;;
Anholt;Anholt;15-03-2022 16:00;;2,91;4,17;;;;
Anholt;Anholt;15-03-2022 15:00;;5,67;7,83;;;;
Anholt;Anholt;15-03-2022 14:00;;7,12;11,09;;;;
Anholt;Anholt;15-03-2022 13:00;;5,24;7,44;;;;
Anholt;Anholt;15-03-2022 12:00;;4,72;6,17;;;;
Anholt;Anholt;15-03-2022 11:00;;10,51;13,12;;;;
Anholt;Anholt;15-03-2022 10:00;;11,77;14,4;;;;
Anholt;Anholt;15-03-2022 09:00;;10,83;14,18;;;;
Anholt;Anholt;15-03-2022 08:00;;5,98;7,36;;;;
Anholt;Anholt;15-03-2022 07:00;;10,53;11,9;;;;
Anholt;Anholt;15-03-2022 06:00;;8,5;9,67;;;;
Anholt;Anholt;15-03-2022 05:00;;7,38;8,05;;;;
Anholt;Anholt;15-03-2022 04:00;;4,87;5,82;;;;
Anholt;Anholt;15-03-2022 03:00;;7,47;7,43;;;;
Anholt;Anholt;15-03-2022 02:00;;7,08;7,25;;;;
Anholt;Anholt;15-03-2022 01:00;;7,23;7,19;;;;
Anholt;Anholt;15-03-2022 00:00;;5,98;5,77;;;;
Anholt;Anholt;14-03-2022 23:00;;10,95;10,97;;;;
Anholt;Anholt;14-03-2022 22:00;;6,79;7,01;;;;
Anholt;Anholt;14-03-2022 21:00;;8,72;8,8;;;;
Anholt;Anholt;14-03-2022 20:00;;13,3;13,3;;;;
Anholt;Anholt;14-03-2022 19:00;;8,62;8,95;;;;
Anholt;Anholt;14-03-2022 18:00;;12,64;13,11;;;;
Anholt;Anholt;14-03-2022 17:00;;6,68;7,1;;;;
Anholt;Anholt;14-03-2022 16:00;;15,47;17,53;;;;
Anholt;Anholt;14-03-2022 15:00;;7,96;9,37;;;;
Anholt;Anholt;14-03-2022 14:00;;8,08;9,3;;;;
Anholt;Anholt;14-03-2022 13:00;;8,59;10,47;;;;
Anholt;Anholt;14-03-2022 12:00;;8;9,82;;;;
Anholt;Anholt;14-03-2022 11:00;;8,72;10,83;;;;
Anholt;Anholt;14-03-2022 10:00;;8,06;9,57;;;;
Anholt;Anholt;14-03-2022 09:00;;7,77;9,57;;;;
Anholt;Anholt;14-03-2022 08:00;;4,93;5,58;;;;
Anholt;Anholt;14-03-2022 07:00;;4,43;4,89;;;;
Anholt;Anholt;14-03-2022 06:00;;5,19;5,37;;;;
Anholt;Anholt;14-03-2022 05:00;;5,66;5,62;;;;
Anholt;Anholt;14-03-2022 04:00;;4,05;4;;;;
Anholt;Anholt;14-03-2022 03:00;;4,89;4,56;;;;
Anholt;Anholt;14-03-2022 02:00;;5,91;5,84;;;;
Anholt;Anholt;14-03-2022 01:00;;4,41;3,73;;;;
Anholt;Anholt;14-03-2022 00:00;;6,03;5,96;;;;
Aarhus;Banegaardsgade;17-03-2022 13:00;0,09;24,75;45,09;;;33,9;
Aarhus;Banegaardsgade;17-03-2022 12:00;0,09;18,35;41,66;;;34,65;
Aarhus;Banegaardsgade;17-03-2022 11:00;0,06;18,01;30,77;;;29,55;
Aarhus;Banegaardsgade;17-03-2022 10:00;0,06;18,99;30,99;;;24,2;
Aarhus;Banegaardsgade;17-03-2022 09:00;0,06;29,81;55,59;;;19,9;
Aarhus;Banegaardsgade;17-03-2022 08:00;0,07;30,18;58,65;;;18,1;
Aarhus;Banegaardsgade;17-03-2022 07:00;0,05;24,4;48,15;;;12,95;
Aarhus;Banegaardsgade;17-03-2022 06:00;0,01;24,71;41,21;;;12,8;
Aarhus;Banegaardsgade;17-03-2022 05:00;;15,89;23,21;;;9,4;
Aarhus;Banegaardsgade;17-03-2022 04:00;;7,52;9,72;;;7,05;
Aarhus;Banegaardsgade;17-03-2022 03:00;;6,52;9;;;14,9;
Aarhus;Banegaardsgade;17-03-2022 02:00;;3,41;5,07;;;7;
Aarhus;Banegaardsgade;17-03-2022 01:00;;5,55;7,45;;;6,05;
Aarhus;Banegaardsgade;17-03-2022 00:00;;8,82;11,76;;;9,45;
Aarhus;Banegaardsgade;16-03-2022 23:00;0,01;13,87;23,29;;;11,65;
Aarhus;Banegaardsgade;16-03-2022 22:00;0,09;23,21;32,39;;;17,6;
Aarhus;Banegaardsgade;16-03-2022 21:00;;25,64;34,32;;;13,6;
Aarhus;Banegaardsgade;16-03-2022 20:00;;28,61;40,16;;;8,55;
Aarhus;Banegaardsgade;16-03-2022 19:00;;28,6;45,69;;;10,9;
Aarhus;Banegaardsgade;16-03-2022 18:00;;23,95;39,61;;;11,45;
Aarhus;Banegaardsgade;16-03-2022 17:00;;30,96;50,48;;;10,05;
Aarhus;Banegaardsgade;16-03-2022 16:00;0,01;33,86;62,01;;;9,2;
Aarhus;Banegaardsgade;16-03-2022 15:00;0,04;33,91;69,51;;;8,3;
Aarhus;Banegaardsgade;16-03-2022 14:00;0,01;34,32;72,19;;;10,5;
Aarhus;Banegaardsgade;16-03-2022 13:00;;31,38;71,61;;;12,55;
Aarhus;Banegaardsgade;16-03-2022 12:00;;37,86;80,82;;;8,4;
Aarhus;Banegaardsgade;16-03-2022 11:00;0,03;30,02;77,72;;;7,2;
Aarhus;Banegaardsgade;16-03-2022 10:00;;28,16;61,54;;;7,8;
Aarhus;Banegaardsgade;16-03-2022 09:00;;29,24;61,44;;;5,55;
Aarhus;Banegaardsgade;16-03-2022 08:00;0,03;39,58;107,3;;;16,1;
Aarhus;Banegaardsgade;16-03-2022 07:00;0,01;35,17;88,18;;;8,7;
Aarhus;Banegaardsgade;16-03-2022 06:00;0,02;43,03;116,2;;;10;
Aarhus;Banegaardsgade;16-03-2022 05:00;;28,81;61,85;;;4,8;
Aarhus;Banegaardsgade;16-03-2022 04:00;;37,61;51,98;;;5,8;
Aarhus;Banegaardsgade;16-03-2022 03:00;;23,75;25,44;;;6,7;
Aarhus;Banegaardsgade;16-03-2022 02:00;;15,45;18,92;;;4,95;
Aarhus;Banegaardsgade;16-03-2022 01:00;;22,06;25,27;;;9,35;
Aarhus;Banegaardsgade;16-03-2022 00:00;;41,02;75,85;;;14,15;
Aarhus;Banegaardsgade;15-03-2022 23:00;0,1;52,38;120,41;;;17,35;
Aarhus;Banegaardsgade;15-03-2022 22:00;0,05;57,53;116,25;;;13,65;
Aarhus;Banegaardsgade;15-03-2022 21:00;0,04;58,33;125,92;;;15,6;
Aarhus;Banegaardsgade;15-03-2022 20:00;0,08;52,91;102,68;;;15;
Aarhus;Banegaardsgade;15-03-2022 19:00;0,08;74,09;182,2;;;26,7;
Aarhus;Banegaardsgade;15-03-2022 18:00;;67,05;128,78;;;29,15;
Aarhus;Banegaardsgade;15-03-2022 17:00;0,02;54,5;94,23;;;34,65;
Aarhus;Banegaardsgade;15-03-2022 16:00;;44,14;80,7;;;30,9;
Aarhus;Banegaardsgade;15-03-2022 15:00;;37,56;66,83;;;35,25;
Aarhus;Banegaardsgade;15-03-2022 14:00;;43,63;82;;;43,85;
Aarhus;Banegaardsgade;15-03-2022 13:00;;28,15;63,18;;;21,35;
Aarhus;Banegaardsgade;15-03-2022 12:00;;18,57;38,27;;;5,75;
Aarhus;Banegaardsgade;15-03-2022 11:00;;19,59;48,9;;;5,25;
Aarhus;Banegaardsgade;15-03-2022 10:00;;17,98;36,06;;;6;
Aarhus;Banegaardsgade;15-03-2022 09:00;;24,81;46,34;;;7,15;
Aarhus;Banegaardsgade;15-03-2022 08:00;0,03;39,75;98,55;;;29,1;
Aarhus;Banegaardsgade;15-03-2022 07:00;0,05;42,77;104,22;;;33,4;
Aarhus;Banegaardsgade;15-03-2022 06:00;0,06;60,58;127,78;;;35,2;
Aarhus;Banegaardsgade;15-03-2022 05:00;0,03;54,62;116,26;;;32,8;
Aarhus;Banegaardsgade;15-03-2022 04:00;;26,3;27,89;;;35,2;
Aarhus;Banegaardsgade;15-03-2022 03:00;0,1;38,33;44,24;;;39,95;
Aarhus;Banegaardsgade;15-03-2022 02:00;0,11;51,14;60,1;;;35,1;
Aarhus;Banegaardsgade;15-03-2022 01:00;0,1;35,22;39,82;;;35,15;
Aarhus;Banegaardsgade;15-03-2022 00:00;0,09;30,54;43,44;;;31,55;
Aarhus;Banegaardsgade;14-03-2022 23:00;0,15;53,11;79,61;;;36,35;
Aarhus;Banegaardsgade;14-03-2022 22:00;0,09;42,14;66,16;;;38,6;
Aarhus;Banegaardsgade;14-03-2022 21:00;0,09;57,92;80,2;;;43,3;
Aarhus;Banegaardsgade;14-03-2022 20:00;0,14;42,24;59,12;;;37,05;
Aarhus;Banegaardsgade;14-03-2022 19:00;0,11;51,11;77,58;;;37,45;
Aarhus;Banegaardsgade;14-03-2022 18:00;0,14;47,81;73,92;;;34,1;
Aarhus;Banegaardsgade;14-03-2022 17:00;0,15;55,96;95,41;;;55,15;
Aarhus;Banegaardsgade;14-03-2022 16:00;0,13;46,86;88,45;;;35,1;
Aarhus;Banegaardsgade;14-03-2022 15:00;0,11;50,76;81,5;;;41,8;
Aarhus;Banegaardsgade;14-03-2022 14:00;0,12;61,51;108,86;;;55,6;
Aarhus;Banegaardsgade;14-03-2022 13:00;0,14;50,46;83,19;;;66,5;
Aarhus;Banegaardsgade;14-03-2022 12:00;0,1;41,81;75,69;;;50,65;
Aarhus;Banegaardsgade;14-03-2022 11:00;0,08;42,11;67,32;;;42,15;
Aarhus;Banegaardsgade;14-03-2022 10:00;0,11;41,84;78,64;;;45,6;
Aarhus;Banegaardsgade;14-03-2022 09:00;0,04;45,67;80,76;;;40,1;
Aarhus;Banegaardsgade;14-03-2022 08:00;0,09;43,83;73,26;;;37;
Aarhus;Banegaardsgade;14-03-2022 07:00;0,08;50,02;96,21;;;30,15;
Aarhus;Banegaardsgade;14-03-2022 06:00;0,04;36,17;53,82;;;28,8;
Aarhus;Banegaardsgade;14-03-2022 05:00;0,01;28,58;37;;;23,85;
Aarhus;Banegaardsgade;14-03-2022 04:00;;17,38;18,11;;;19,3;
Aarhus;Banegaardsgade;14-03-2022 03:00;;13,5;14,57;;;23,35;
Aarhus;Banegaardsgade;14-03-2022 02:00;;11,37;12,49;;;20,9;
Aarhus;Banegaardsgade;14-03-2022 01:00;;15,13;16,92;;;24,3;
Aarhus;Banegaardsgade;14-03-2022 00:00;;19,82;27,45;;;23,65;
Aarhus;Botanisk Have;17-03-2022 13:00;14,61;18,15;;;45,09;;
Aarhus;Botanisk Have;17-03-2022 12:00;11,94;15,16;;;52,03;;
Aarhus;Botanisk Have;17-03-2022 11:00;13,95;16,71;;;56,71;;
Aarhus;Botanisk Have;17-03-2022 10:00;15,66;18,98;;;53,9;;
Aarhus;Botanisk Have;17-03-2022 09:00;16,17;19;;;51,01;;
Aarhus;Botanisk Have;17-03-2022 08:00;15,42;17,55;;;51,33;;
Aarhus;Botanisk Have;17-03-2022 07:00;13,2;15,45;;;55,75;;
Aarhus;Botanisk Have;17-03-2022 06:00;10,54;12,2;;;62,49;;
Aarhus;Botanisk Have;17-03-2022 05:00;7,27;8,82;;;67,41;;
Aarhus;Botanisk Have;17-03-2022 04:00;4,78;5,85;;;70,29;;
Aarhus;Botanisk Have;17-03-2022 03:00;4,72;4,6;;;72,61;;
Aarhus;Botanisk Have;17-03-2022 02:00;5,51;5,72;;;71,68;;
Aarhus;Botanisk Have;17-03-2022 01:00;5,95;6,5;;;71,65;;
Aarhus;Botanisk Have;17-03-2022 00:00;6,4;6,94;;;64,79;;
Aarhus;Botanisk Have;16-03-2022 23:00;11,27;11,64;;;50,29;;
Aarhus;Botanisk Have;16-03-2022 22:00;25,24;26,56;;;36,92;;
Aarhus;Botanisk Have;16-03-2022 21:00;20,02;21,33;;;45,12;;
Aarhus;Botanisk Have;16-03-2022 20:00;27,82;29,23;;;36,61;;
Aarhus;Botanisk Have;16-03-2022 19:00;18,45;18,86;;;44,61;;
Aarhus;Botanisk Have;16-03-2022 18:00;26,25;28,08;;;40,32;;
Aarhus;Botanisk Have;16-03-2022 17:00;16,33;17,5;;;48,99;;
Aarhus;Botanisk Have;16-03-2022 16:00;13,39;15,2;;;49,6;;
Aarhus;Botanisk Have;16-03-2022 15:00;11,92;14,27;;;50,33;;
Aarhus;Botanisk Have;16-03-2022 14:00;14,65;20,43;;;45,81;;
Aarhus;Botanisk Have;16-03-2022 13:00;13,31;19,02;;;45,1;;
Aarhus;Botanisk Have;16-03-2022 12:00;15,76;21,33;;;43,63;;
Aarhus;Botanisk Have;16-03-2022 11:00;13,17;17,92;;;47,83;;
Aarhus;Botanisk Have;16-03-2022 10:00;15,31;21,96;;;44,72;;
Aarhus;Botanisk Have;16-03-2022 09:00;12,41;16,78;;;40,33;;
Aarhus;Botanisk Have;16-03-2022 08:00;17,61;22,05;;;31,16;;
Aarhus;Botanisk Have;16-03-2022 07:00;23,59;35,63;;;14,86;;
Aarhus;Botanisk Have;16-03-2022 06:00;24,46;34,23;;;14,13;;
Aarhus;Botanisk Have;16-03-2022 05:00;15,5;16,9;;;19,05;;
Aarhus;Botanisk Have;16-03-2022 04:00;27,24;28,35;;;8,94;;
Aarhus;Botanisk Have;16-03-2022 03:00;31,04;33,39;;;7,4;;
Aarhus;Botanisk Have;16-03-2022 02:00;31,73;37,35;;;11,86;;
Aarhus;Botanisk Have;16-03-2022 01:00;14,42;15,7;;;26,34;;
Aarhus;Botanisk Have;16-03-2022 00:00;23,73;25,32;;;15,98;;
Aarhus;Botanisk Have;15-03-2022 23:00;13,79;14,68;;;31,67;;
Aarhus;Botanisk Have;15-03-2022 22:00;19,61;20,43;;;31,86;;
Aarhus;Botanisk Have;15-03-2022 21:00;31,65;33,45;;;21,49;;
Aarhus;Botanisk Have;15-03-2022 20:00;47,99;55,36;;;6,77;;
Aarhus;Botanisk Have;15-03-2022 19:00;47,89;52,02;;;8,77;;
Aarhus;Botanisk Have;15-03-2022 18:00;49,98;62,23;;;12,03;;
Aarhus;Botanisk Have;15-03-2022 17:00;46,99;61,89;;;19,36;;
Aarhus;Botanisk Have;15-03-2022 16:00;32,13;43,48;;;37,76;;
Aarhus;Botanisk Have;15-03-2022 15:00;19,02;26,44;;;53,26;;
Aarhus;Botanisk Have;15-03-2022 14:00;36,09;62,1;;;36,73;;
Aarhus;Botanisk Have;15-03-2022 13:00;4,33;6,67;;;71,2;;
Aarhus;Botanisk Have;15-03-2022 12:00;4,65;6,78;;;65,75;;
Aarhus;Botanisk Have;15-03-2022 11:00;5,51;7,79;;;59,62;;
Aarhus;Botanisk Have;15-03-2022 10:00;10,27;13,05;;;49,45;;
Aarhus;Botanisk Have;15-03-2022 09:00;12,42;16,77;;;40,08;;
Aarhus;Botanisk Have;15-03-2022 08:00;26,2;40,46;;;12,36;;
Aarhus;Botanisk Have;15-03-2022 07:00;29,48;43,87;;;10,05;;
Aarhus;Botanisk Have;15-03-2022 06:00;23,96;25,73;;;20,15;;
Aarhus;Botanisk Have;15-03-2022 05:00;20,66;22,91;;;29,14;;
Aarhus;Botanisk Have;15-03-2022 04:00;22,78;24,13;;;36,91;;
Aarhus;Botanisk Have;15-03-2022 03:00;22,56;24,19;;;34,19;;
Aarhus;Botanisk Have;15-03-2022 02:00;22,8;24,24;;;27,2;;
Aarhus;Botanisk Have;15-03-2022 01:00;17,07;18,65;;;44,75;;
Aarhus;Botanisk Have;15-03-2022 00:00;24,46;25,79;;;44,67;;
Aarhus;Botanisk Have;14-03-2022 23:00;30,91;32,11;;;42,91;;
Aarhus;Botanisk Have;14-03-2022 22:00;31,49;32,77;;;53,42;;
Aarhus;Botanisk Have;14-03-2022 21:00;37,41;39,42;;;56,68;;
Aarhus;Botanisk Have;14-03-2022 20:00;37,92;39,21;;;57,83;;
Aarhus;Botanisk Have;14-03-2022 19:00;24,84;26,44;;;72,94;;
Aarhus;Botanisk Have;14-03-2022 18:00;30;32,08;;;68,24;;
Aarhus;Botanisk Have;14-03-2022 17:00;37,46;40,65;;;63,78;;
Aarhus;Botanisk Have;14-03-2022 16:00;24,64;27,87;;;76,4;;
Aarhus;Botanisk Have;14-03-2022 15:00;39,11;49,34;;;61,4;;
Aarhus;Botanisk Have;14-03-2022 14:00;43,95;61,85;;;54,83;;
Aarhus;Botanisk Have;14-03-2022 13:00;26,9;36,42;;;68,32;;
Aarhus;Botanisk Have;14-03-2022 12:00;18,39;24,82;;;73,28;;
Aarhus;Botanisk Have;14-03-2022 11:00;23,19;32,24;;;65,06;;
Aarhus;Botanisk Have;14-03-2022 10:00;18,52;24,59;;;69,78;;
Aarhus;Botanisk Have;14-03-2022 09:00;17,69;23,14;;;67,7;;
Aarhus;Botanisk Have;14-03-2022 08:00;20,27;24,64;;;60,78;;
Aarhus;Botanisk Have;14-03-2022 07:00;22,9;25,75;;;57,87;;
Aarhus;Botanisk Have;14-03-2022 06:00;17,69;18,72;;;62,01;;
Aarhus;Botanisk Have;14-03-2022 05:00;15,35;16,4;;;63,95;;
Aarhus;Botanisk Have;14-03-2022 04:00;15,32;15,82;;;64,9;;
Aarhus;Botanisk Have;14-03-2022 03:00;14,52;14,86;;;67,43;;
Aarhus;Botanisk Have;14-03-2022 02:00;13,18;13,31;;;71,46;;
Aarhus;Botanisk Have;14-03-2022 01:00;10,6;10,92;;;74,78;;
Aarhus;Botanisk Have;14-03-2022 00:00;16,13;16,42;;;73,11;;
