Countrycode;Namespace;AirQualityNetwork;AirQualityStation;AirQualityStationEoICode;SamplingPoint;SamplingProcess;Sample;AirPollutant;AirPollutantCode;AveragingTime;Concentration;UnitOfMeasurement;DatetimeBegin;DatetimeEnd;Validity;Verification;;;;;;;
IS;IS.EA-Iceland.AQ;NET-IS002A;STA-IS0005A;IS0005A;SPO-IS0005A_00010_102;SPP-IS_A_NDIR_thermo48;SPO_F-IS0005A_00010_102_100;CO;http://dd.eionet.europa.eu/vocabulary/aq/pollutant/10;hour;0.0706897000;mg/m3;2022-03-15 10:00:00 +01:00;2022-03-15 11:00:00 +01:00;1;3;;;;;;;
IS;IS.EA-Iceland.AQ;NET-IS002A;STA-IS0005A;IS0005A;SPO-IS0005A_00010_102;SPP-IS_A_NDIR_thermo48;SPO_F-IS0005A_00010_102_100;CO;http://dd.eionet.europa.eu/vocabulary/aq/pollutant/10;hour;0.0957855000;mg/m3;2022-03-15 11:00:00 +01:00;2022-03-15 12:00:00 +01:00;1;3;;;;;;;
IS;IS.EA-Iceland.AQ;NET-IS002A;STA-IS0005A;IS0005A;SPO-IS0005A_00010_102;SPP-IS_A_NDIR_thermo48;SPO_F-IS0005A_00010_102_100;CO;http://dd.eionet.europa.eu/vocabulary/aq/pollutant/10;hour;0.0764368000;mg/m3;2022-03-15 12:00:00 +01:00;2022-03-15 13:00:00 +01:00;1;3;;;;;;;
IS;IS.EA-Iceland.AQ;NET-IS002A;STA-IS0005A;IS0005A;SPO-IS0005A_00010_102;SPP-IS_A_NDIR_thermo48;SPO_F-IS0005A_00010_102_100;CO;http://dd.eionet.europa.eu/vocabulary/aq/pollutant/10;hour;0.0873563000;mg/m3;2022-03-15 13:00:00 +01:00;2022-03-15 14:00:00 +01:00;1;3;;;;;;;
IS;IS.EA-Iceland.AQ;NET-IS002A;STA-IS0005A;IS0005A;SPO-IS0005A_00010_102;SPP-IS_A_NDIR_thermo48;SPO_F-IS0005A_00010_102_100;CO;http://dd.eionet.europa.eu/vocabulary/aq/pollutant/10;hour;0.1078540000;mg/m3;2022-03-15 14:00:00 +01:00;2022-03-15 15:00:00 +01:00;1;3;;;;;;;
IS;IS.EA-Iceland.AQ;NET-IS002A;STA-IS0005A;IS0005A;SPO-IS0005A_00010_102;SPP-IS_A_NDIR_thermo48;SPO_F-IS0005A_00010_102_100;CO;http://dd.eionet.europa.eu/vocabulary/aq/pollutant/10;hour;0.1249040000;mg/m3;2022-03-15 15:00:00 +01:00;2022-03-15 16:00:00 +01:00;1;3;;;;;;;
IS;IS.EA-Iceland.AQ;NET-IS002A;STA-IS0005A;IS0005A;SPO-IS0005A_00010_102;SPP-IS_A_NDIR_thermo48;SPO_F-IS0005A_00010_102_100;CO;http://dd.eionet.europa.eu/vocabulary/aq/pollutant/10;hour;0.2526820000;mg/m3;2022-03-15 16:00:00 +01:00;2022-03-15 17:00:00 +01:00;1;3;;;;;;;
IS;IS.EA-Iceland.AQ;NET-IS002A;STA-IS0005A;IS0005A;SPO-IS0005A_00010_102;SPP-IS_A_NDIR_thermo48;SPO_F-IS0005A_00010_102_100;CO;http://dd.eionet.europa.eu/vocabulary/aq/pollutant/10;hour;0.2482760000;mg/m3;2022-03-15 17:00:00 +01:00;2022-03-15 18:00:00 +01:00;1;3;;;;;;;
IS;IS.EA-Iceland.AQ;NET-IS002A;STA-IS0005A;IS0005A;SPO-IS0005A_00010_102;SPP-IS_A_NDIR_thermo48;SPO_F-IS0005A_00010_102_100;CO;http://dd.eionet.europa.eu/vocabulary/aq/pollutant/10;hour;0.1206900000;mg/m3;2022-03-15 18:00:00 +01:00;2022-03-15 19:00:00 +01:00;1;3;;;;;;;
IS;IS.EA-Iceland.AQ;NET-IS002A;STA-IS0005A;IS0005A;SPO-IS0005A_00010_102;SPP-IS_A_NDIR_thermo48;SPO_F-IS0005A_00010_102_100;CO;http://dd.eionet.europa.eu/vocabulary/aq/pollutant/10;hour;0.1358240000;mg/m3;2022-03-15 19:00:00 +01:00;2022-03-15 20:00:00 +01:00;1;3;;;;;;;
IS;IS.EA-Iceland.AQ;NET-IS002A;STA-IS0005A;IS0005A;SPO-IS0005A_00010_102;SPP-IS_A_NDIR_thermo48;SPO_F-IS0005A_00010_102_100;CO;http://dd.eionet.europa.eu/vocabulary/aq/pollutant/10;hour;0.0863985000;mg/m3;2022-03-15 20:00:00 +01:00;2022-03-15 21:00:00 +01:00;1;3;;;;;;;
IS;IS.EA-Iceland.AQ;NET-IS002A;STA-IS0005A;IS0005A;SPO-IS0005A_00010_102;SPP-IS_A_NDIR_thermo48;SPO_F-IS0005A_00010_102_100;CO;http://dd.eionet.europa.eu/vocabulary/aq/pollutant/10;hour;0.0522988000;mg/m3;2022-03-15 21:00:00 +01:00;2022-03-15 22:00:00 +01:00;1;3;;;;;;;
IS;IS.EA-Iceland.AQ;NET-IS002A;STA-IS0005A;IS0005A;SPO-IS0005A_00010_102;SPP-IS_A_NDIR_thermo48;SPO_F-IS0005A_00010_102_100;CO;http://dd.eionet.europa.eu/vocabulary/aq/pollutant/10;hour;0.0526820000;mg/m3;2022-03-15 22:00:00 +01:00;2022-03-15 23:00:00 +01:00;1;3;;;;;;;
IS;IS.EA-Iceland.AQ;NET-IS002A;STA-IS0005A;IS0005A;SPO-IS0005A_00010_102;SPP-IS_A_NDIR_thermo48;SPO_F-IS0005A_00010_102_100;CO;http://dd.eionet.europa.eu/vocabulary/aq/pollutant/10;hour;0.1293100000;mg/m3;2022-03-15 23:00:00 +01:00;2022-03-16 00:00:00 +01:00;1;3;;;;;;;
IS;IS.EA-Iceland.AQ;NET-IS002A;STA-IS0005A;IS0005A;SPO-IS0005A_00010_102;SPP-IS_A_NDIR_thermo48;SPO_F-IS0005A_00010_102_100;CO;http://dd.eionet.europa.eu/vocabulary/aq/pollutant/10;hour;0.0526820000;mg/m3;2022-03-16 00:00:00 +01:00;2022-03-16 01:00:00 +01:00;1;3;;;;;;;
IS;IS.EA-Iceland.AQ;NET-IS002A;STA-IS0005A;IS0005A;SPO-IS0005A_00010_102;SPP-IS_A_NDIR_thermo48;SPO_F-IS0005A_00010_102_100;CO;http://dd.eionet.europa.eu/vocabulary/aq/pollutant/10;hour;0.0653256000;mg/m3;2022-03-16 01:00:00 +01:00;2022-03-16 02:00:00 +01:00;1;3;;;;;;;
IS;IS.EA-Iceland.AQ;NET-IS002A;STA-IS0005A;IS0005A;SPO-IS0005A_00010_102;SPP-IS_A_NDIR_thermo48;SPO_F-IS0005A_00010_102_100;CO;http://dd.eionet.europa.eu/vocabulary/aq/pollutant/10;hour;0.0189655000;mg/m3;2022-03-16 02:00:00 +01:00;2022-03-16 03:00:00 +01:00;1;3;;;;;;;
IS;IS.EA-Iceland.AQ;NET-IS002A;STA-IS0005A;IS0005A;SPO-IS0005A_00010_102;SPP-IS_A_NDIR_thermo48;SPO_F-IS0005A_00010_102_100;CO;http://dd.eionet.europa.eu/vocabulary/aq/pollutant/10;hour;0.0344828000;mg/m3;2022-03-16 03:00:00 +01:00;2022-03-16 04:00:00 +01:00;1;3;;;;;;;
IS;IS.EA-Iceland.AQ;NET-IS002A;STA-IS0005A;IS0005A;SPO-IS0005A_00010_102;SPP-IS_A_NDIR_thermo48;SPO_F-IS0005A_00010_102_100;CO;http://dd.eionet.europa.eu/vocabulary/aq/pollutant/10;hour;0.0245211000;mg/m3;2022-03-16 04:00:00 +01:00;2022-03-16 05:00:00 +01:00;1;3;;;;;;;
IS;IS.EA-Iceland.AQ;NET-IS002A;STA-IS0005A;IS0005A;SPO-IS0005A_00010_102;SPP-IS_A_NDIR_thermo48;SPO_F-IS0005A_00010_102_100;CO;http://dd.eionet.europa.eu/vocabulary/aq/pollutant/10;hour;0.0590038000;mg/m3;2022-03-16 05:00:00 +01:00;2022-03-16 06:00:00 +01:00;1;3;;;;;;Concentration (H2S);UnitOfMeasurement (H2S)
IS;IS.EA-Iceland.AQ;NET-IS002A;STA-IS0005A;IS0005A;SPO-IS0005A_00010_102;SPP-IS_A_NDIR_thermo48;SPO_F-IS0005A_00010_102_100;CO;http://dd.eionet.europa.eu/vocabulary/aq/pollutant/10;hour;0.0459771000;mg/m3;2022-03-16 06:00:00 +01:00;2022-03-16 07:00:00 +01:00;1;3;;;;;;;
IS;IS.EA-Iceland.AQ;NET-IS002A;STA-IS0005A;IS0005A;SPO-IS0005A_00010_102;SPP-IS_A_NDIR_thermo48;SPO_F-IS0005A_00010_102_100;CO;http://dd.eionet.europa.eu/vocabulary/aq/pollutant/10;hour;0.0599617000;mg/m3;2022-03-16 07:00:00 +01:00;2022-03-16 08:00:00 +01:00;1;3;;;;;;;
IS;IS.EA-Iceland.AQ;NET-IS002A;STA-IS0005A;IS0005A;SPO-IS0005A_00010_102;SPP-IS_A_NDIR_thermo48;SPO_F-IS0005A_00010_102_100;CO;http://dd.eionet.europa.eu/vocabulary/aq/pollutant/10;hour;0.0988506000;mg/m3;2022-03-16 08:00:00 +01:00;2022-03-16 09:00:00 +01:00;1;3;;;;;;;
IS;IS.EA-Iceland.AQ;NET-IS002A;STA-IS0005A;IS0005A;SPO-IS0005A_00010_102;SPP-IS_A_NDIR_thermo48;SPO_F-IS0005A_00010_102_100;CO;http://dd.eionet.europa.eu/vocabulary/aq/pollutant/10;hour;0.2243290000;mg/m3;2022-03-16 09:00:00 +01:00;2022-03-16 10:00:00 +01:00;1;3;;;;;;;
IS;IS.EA-Iceland.AQ;NET-IS002A;STA-IS0005A;IS0005A;SPO-IS0005A_00010_102;SPP-IS_A_NDIR_thermo48;SPO_F-IS0005A_00010_102_100;CO;http://dd.eionet.europa.eu/vocabulary/aq/pollutant/10;hour;0.1749040000;mg/m3;2022-03-16 10:00:00 +01:00;2022-03-16 11:00:00 +01:00;1;3;;;;;;;
IS;IS.EA-Iceland.AQ;NET-IS009A;STA-IS0037A;IS0037A;SPO-IS0037A_00038_100;SPP-IS_A_chemi_thermo42i-TL_dal;SPO_F-IS0037A_00038_100_100;NO;http://dd.eionet.europa.eu/vocabulary/aq/pollutant/38;hour;3.3813400000;µg/m3;2022-03-15 11:00:00 +01:00;2022-03-15 12:00:00 +01:00;1;3;;;;;;;
IS;IS.EA-Iceland.AQ;NET-IS009A;STA-IS0037A;IS0037A;SPO-IS0037A_00038_100;SPP-IS_A_chemi_thermo42i-TL_dal;SPO_F-IS0037A_00038_100_100;NO;http://dd.eionet.europa.eu/vocabulary/aq/pollutant/38;hour;2.1846700000;µg/m3;2022-03-15 12:00:00 +01:00;2022-03-15 13:00:00 +01:00;1;3;;;;;;;
IS;IS.EA-Iceland.AQ;NET-IS009A;STA-IS0037A;IS0037A;SPO-IS0037A_00038_100;SPP-IS_A_chemi_thermo42i-TL_dal;SPO_F-IS0037A_00038_100_100;NO;http://dd.eionet.europa.eu/vocabulary/aq/pollutant/38;hour;2.0138300000;µg/m3;2022-03-15 13:00:00 +01:00;2022-03-15 14:00:00 +01:00;1;3;;;;;;;
IS;IS.EA-Iceland.AQ;NET-IS009A;STA-IS0037A;IS0037A;SPO-IS0037A_00038_100;SPP-IS_A_chemi_thermo42i-TL_dal;SPO_F-IS0037A_00038_100_100;NO;http://dd.eionet.europa.eu/vocabulary/aq/pollutant/38;hour;2.4028300000;µg/m3;2022-03-15 14:00:00 +01:00;2022-03-15 15:00:00 +01:00;1;3;;;;;;;
IS;IS.EA-Iceland.AQ;NET-IS009A;STA-IS0037A;IS0037A;SPO-IS0037A_00038_100;SPP-IS_A_chemi_thermo42i-TL_dal;SPO_F-IS0037A_00038_100_100;NO;http://dd.eionet.europa.eu/vocabulary/aq/pollutant/38;hour;2.7473300000;µg/m3;2022-03-15 15:00:00 +01:00;2022-03-15 16:00:00 +01:00;1;3;;;;;;;
IS;IS.EA-Iceland.AQ;NET-IS009A;STA-IS0037A;IS0037A;SPO-IS0037A_00038_100;SPP-IS_A_chemi_thermo42i-TL_dal;SPO_F-IS0037A_00038_100_100;NO;http://dd.eionet.europa.eu/vocabulary/aq/pollutant/38;hour;4.0010000000;µg/m3;2022-03-15 16:00:00 +01:00;2022-03-15 17:00:00 +01:00;1;3;;;;;;;
IS;IS.EA-Iceland.AQ;NET-IS009A;STA-IS0037A;IS0037A;SPO-IS0037A_00038_100;SPP-IS_A_chemi_thermo42i-TL_dal;SPO_F-IS0037A_00038_100_100;NO;http://dd.eionet.europa.eu/vocabulary/aq/pollutant/38;hour;4.2486600000;µg/m3;2022-03-15 17:00:00 +01:00;2022-03-15 18:00:00 +01:00;1;3;;;;;;;
IS;IS.EA-Iceland.AQ;NET-IS009A;STA-IS0037A;IS0037A;SPO-IS0037A_00038_100;SPP-IS_A_chemi_thermo42i-TL_dal;SPO_F-IS0037A_00038_100_100;NO;http://dd.eionet.europa.eu/vocabulary/aq/pollutant/38;hour;4.5873300000;µg/m3;2022-03-15 18:00:00 +01:00;2022-03-15 19:00:00 +01:00;1;3;;;;;;;
IS;IS.EA-Iceland.AQ;NET-IS009A;STA-IS0037A;IS0037A;SPO-IS0037A_00038_100;SPP-IS_A_chemi_thermo42i-TL_dal;SPO_F-IS0037A_00038_100_100;NO;http://dd.eionet.europa.eu/vocabulary/aq/pollutant/38;hour;2.9516700000;µg/m3;2022-03-15 19:00:00 +01:00;2022-03-15 20:00:00 +01:00;1;3;;;;;;;
IS;IS.EA-Iceland.AQ;NET-IS009A;STA-IS0037A;IS0037A;SPO-IS0037A_00038_100;SPP-IS_A_chemi_thermo42i-TL_dal;SPO_F-IS0037A_00038_100_100;NO;http://dd.eionet.europa.eu/vocabulary/aq/pollutant/38;hour;1.9113300000;µg/m3;2022-03-15 20:00:00 +01:00;2022-03-15 21:00:00 +01:00;1;3;;;;;;;
IS;IS.EA-Iceland.AQ;NET-IS009A;STA-IS0037A;IS0037A;SPO-IS0037A_00038_100;SPP-IS_A_chemi_thermo42i-TL_dal;SPO_F-IS0037A_00038_100_100;NO;http://dd.eionet.europa.eu/vocabulary/aq/pollutant/38;hour;1.3330000000;µg/m3;2022-03-15 21:00:00 +01:00;2022-03-15 22:00:00 +01:00;1;3;;;;;;;
IS;IS.EA-Iceland.AQ;NET-IS009A;STA-IS0037A;IS0037A;SPO-IS0037A_00038_100;SPP-IS_A_chemi_thermo42i-TL_dal;SPO_F-IS0037A_00038_100_100;NO;http://dd.eionet.europa.eu/vocabulary/aq/pollutant/38;hour;1.0253300000;µg/m3;2022-03-15 22:00:00 +01:00;2022-03-15 23:00:00 +01:00;1;3;;;;;;;
IS;IS.EA-Iceland.AQ;NET-IS009A;STA-IS0037A;IS0037A;SPO-IS0037A_00038_100;SPP-IS_A_chemi_thermo42i-TL_dal;SPO_F-IS0037A_00038_100_100;NO;http://dd.eionet.europa.eu/vocabulary/aq/pollutant/38;hour;1.3491700000;µg/m3;2022-03-15 23:00:00 +01:00;2022-03-16 00:00:00 +01:00;1;3;;;;;;;
IS;IS.EA-Iceland.AQ;NET-IS009A;STA-IS0037A;IS0037A;SPO-IS0037A_00038_100;SPP-IS_A_chemi_thermo42i-TL_dal;SPO_F-IS0037A_00038_100_100;NO;http://dd.eionet.europa.eu/vocabulary/aq/pollutant/38;hour;1.0276700000;µg/m3;2022-03-16 00:00:00 +01:00;2022-03-16 01:00:00 +01:00;1;3;;;;;;;
IS;IS.EA-Iceland.AQ;NET-IS009A;STA-IS0037A;IS0037A;SPO-IS0037A_00038_100;SPP-IS_A_chemi_thermo42i-TL_dal;SPO_F-IS0037A_00038_100_100;NO;http://dd.eionet.europa.eu/vocabulary/aq/pollutant/38;hour;0.7736660000;µg/m3;2022-03-16 01:00:00 +01:00;2022-03-16 02:00:00 +01:00;1;3;;;;;;;
IS;IS.EA-Iceland.AQ;NET-IS009A;STA-IS0037A;IS0037A;SPO-IS0037A_00038_100;SPP-IS_A_chemi_thermo42i-TL_dal;SPO_F-IS0037A_00038_100_100;NO;http://dd.eionet.europa.eu/vocabulary/aq/pollutant/38;hour;0.7740000000;µg/m3;2022-03-16 02:00:00 +01:00;2022-03-16 03:00:00 +01:00;1;3;;;;;;;
IS;IS.EA-Iceland.AQ;NET-IS009A;STA-IS0037A;IS0037A;SPO-IS0037A_00038_100;SPP-IS_A_chemi_thermo42i-TL_dal;SPO_F-IS0037A_00038_100_100;NO;http://dd.eionet.europa.eu/vocabulary/aq/pollutant/38;hour;0.6561670000;µg/m3;2022-03-16 03:00:00 +01:00;2022-03-16 04:00:00 +01:00;1;3;;;;;;;
IS;IS.EA-Iceland.AQ;NET-IS009A;STA-IS0037A;IS0037A;SPO-IS0037A_00038_100;SPP-IS_A_chemi_thermo42i-TL_dal;SPO_F-IS0037A_00038_100_100;NO;http://dd.eionet.europa.eu/vocabulary/aq/pollutant/38;hour;0.6566670000;µg/m3;2022-03-16 04:00:00 +01:00;2022-03-16 05:00:00 +01:00;1;3;;;;;;;
IS;IS.EA-Iceland.AQ;NET-IS009A;STA-IS0037A;IS0037A;SPO-IS0037A_00038_100;SPP-IS_A_chemi_thermo42i-TL_dal;SPO_F-IS0037A_00038_100_100;NO;http://dd.eionet.europa.eu/vocabulary/aq/pollutant/38;hour;0.6966670000;µg/m3;2022-03-16 05:00:00 +01:00;2022-03-16 06:00:00 +01:00;1;3;;;;;;;
IS;IS.EA-Iceland.AQ;NET-IS009A;STA-IS0037A;IS0037A;SPO-IS0037A_00038_100;SPP-IS_A_chemi_thermo42i-TL_dal;SPO_F-IS0037A_00038_100_100;NO;http://dd.eionet.europa.eu/vocabulary/aq/pollutant/38;hour;0.9486680000;µg/m3;2022-03-16 06:00:00 +01:00;2022-03-16 07:00:00 +01:00;1;3;;;;;;;
IS;IS.EA-Iceland.AQ;NET-IS009A;STA-IS0037A;IS0037A;SPO-IS0037A_00038_100;SPP-IS_A_chemi_thermo42i-TL_dal;SPO_F-IS0037A_00038_100_100;NO;http://dd.eionet.europa.eu/vocabulary/aq/pollutant/38;hour;1.3756700000;µg/m3;2022-03-16 07:00:00 +01:00;2022-03-16 08:00:00 +01:00;1;3;;;;;;;
IS;IS.EA-Iceland.AQ;NET-IS009A;STA-IS0037A;IS0037A;SPO-IS0037A_00038_100;SPP-IS_A_chemi_thermo42i-TL_dal;SPO_F-IS0037A_00038_100_100;NO;http://dd.eionet.europa.eu/vocabulary/aq/pollutant/38;hour;2.1163300000;µg/m3;2022-03-16 08:00:00 +01:00;2022-03-16 09:00:00 +01:00;1;3;;;;;;;
IS;IS.EA-Iceland.AQ;NET-IS009A;STA-IS0037A;IS0037A;SPO-IS0037A_00038_100;SPP-IS_A_chemi_thermo42i-TL_dal;SPO_F-IS0037A_00038_100_100;NO;http://dd.eionet.europa.eu/vocabulary/aq/pollutant/38;hour;3.1910000000;µg/m3;2022-03-16 09:00:00 +01:00;2022-03-16 10:00:00 +01:00;1;3;;;;;;;
IS;IS.EA-Iceland.AQ;NET-IS009A;STA-IS0037A;IS0037A;SPO-IS0037A_00038_100;SPP-IS_A_chemi_thermo42i-TL_dal;SPO_F-IS0037A_00038_100_100;NO;http://dd.eionet.europa.eu/vocabulary/aq/pollutant/38;hour;3.5466700000;µg/m3;2022-03-16 10:00:00 +01:00;2022-03-16 11:00:00 +01:00;1;3;;;;;;;
IS;IS.EA-Iceland.AQ;NET-IS009A;STA-IS0037A;IS0037A;SPO-IS0037A_00038_100;SPP-IS_A_chemi_thermo42i-TL_dal;SPO_F-IS0037A_00038_100_100;H2S;http://dd.eionet.europa.eu/vocabulary/aq/pollutant/38;hour;3.1453400000;µg/m3;2022-03-16 11:00:00 +01:00;2022-03-16 12:00:00 +01:00;1;3;;;;;;;
IS;IS.EA-Iceland.AQ;NET-IS009A;STA-IS0037A;IS0037A;SPO-IS0037A_00038_100;SPP-IS_A_chemi_thermo42i-TL_dal;SPO_F-IS0037A_00038_100_100;H2S;http://dd.eionet.europa.eu/vocabulary/aq/pollutant/38;hour;0.9923330000;µg/m3;2022-03-15 11:00:00 +01:00;2022-03-15 12:00:00 +01:00;1;3;;;;;;;
IS;IS.EA-Iceland.AQ;NET-IS009A;STA-IS0037A;IS0037A;SPO-IS0037A_00038_100;SPP-IS_A_chemi_thermo42i-TL_dal;SPO_F-IS0037A_00038_100_100;H2S;http://dd.eionet.europa.eu/vocabulary/aq/pollutant/38;hour;1.9125000000;µg/m3;2022-03-15 12:00:00 +01:00;2022-03-15 13:00:00 +01:00;1;3;;;;;;;
IS;IS.EA-Iceland.AQ;NET-IS009A;STA-IS0037A;IS0037A;SPO-IS0037A_00038_100;SPP-IS_A_chemi_thermo42i-TL_dal;SPO_F-IS0037A_00038_100_100;H2S;http://dd.eionet.europa.eu/vocabulary/aq/pollutant/38;hour;1.5395000000;µg/m3;2022-03-15 13:00:00 +01:00;2022-03-15 14:00:00 +01:00;1;3;;;;;;;
IS;IS.EA-Iceland.AQ;NET-IS009A;STA-IS0037A;IS0037A;SPO-IS0037A_00038_100;SPP-IS_A_chemi_thermo42i-TL_dal;SPO_F-IS0037A_00038_100_100;H2S;http://dd.eionet.europa.eu/vocabulary/aq/pollutant/38;hour;1.8501700000;µg/m3;2022-03-15 14:00:00 +01:00;2022-03-15 15:00:00 +01:00;1;3;;;;;;;
IS;IS.EA-Iceland.AQ;NET-IS009A;STA-IS0037A;IS0037A;SPO-IS0037A_00038_100;SPP-IS_A_chemi_thermo42i-TL_dal;SPO_F-IS0037A_00038_100_100;H2S;http://dd.eionet.europa.eu/vocabulary/aq/pollutant/38;hour;2.1765000000;µg/m3;2022-03-15 15:00:00 +01:00;2022-03-15 16:00:00 +01:00;1;3;;;;;;;
IS;IS.EA-Iceland.AQ;NET-IS009A;STA-IS0037A;IS0037A;SPO-IS0037A_00038_100;SPP-IS_A_chemi_thermo42i-TL_dal;SPO_F-IS0037A_00038_100_100;H2S;http://dd.eionet.europa.eu/vocabulary/aq/pollutant/38;hour;1.6648300000;µg/m3;2022-03-15 16:00:00 +01:00;2022-03-15 17:00:00 +01:00;1;3;;;;;;;
IS;IS.EA-Iceland.AQ;NET-IS009A;STA-IS0037A;IS0037A;SPO-IS0037A_00038_100;SPP-IS_A_chemi_thermo42i-TL_dal;SPO_F-IS0037A_00038_100_100;H2S;http://dd.eionet.europa.eu/vocabulary/aq/pollutant/38;hour;1.6193300000;µg/m3;2022-03-15 17:00:00 +01:00;2022-03-15 18:00:00 +01:00;1;3;;;;;;;
IS;IS.EA-Iceland.AQ;NET-IS009A;STA-IS0037A;IS0037A;SPO-IS0037A_00038_100;SPP-IS_A_chemi_thermo42i-TL_dal;SPO_F-IS0037A_00038_100_100;H2S;http://dd.eionet.europa.eu/vocabulary/aq/pollutant/38;hour;2.3751700000;µg/m3;2022-03-15 18:00:00 +01:00;2022-03-15 19:00:00 +01:00;1;3;;;;;;;
IS;IS.EA-Iceland.AQ;NET-IS009A;STA-IS0037A;IS0037A;SPO-IS0037A_00038_100;SPP-IS_A_chemi_thermo42i-TL_dal;SPO_F-IS0037A_00038_100_100;H2S;http://dd.eionet.europa.eu/vocabulary/aq/pollutant/38;hour;1.6863300000;µg/m3;2022-03-15 19:00:00 +01:00;2022-03-15 20:00:00 +01:00;1;3;;;;;;;
IS;IS.EA-Iceland.AQ;NET-IS009A;STA-IS0037A;IS0037A;SPO-IS0037A_00038_100;SPP-IS_A_chemi_thermo42i-TL_dal;SPO_F-IS0037A_00038_100_100;H2S;http://dd.eionet.europa.eu/vocabulary/aq/pollutant/38;hour;1.6308300000;µg/m3;2022-03-15 20:00:00 +01:00;2022-03-15 21:00:00 +01:00;1;3;;;;;;;
IS;IS.EA-Iceland.AQ;NET-IS009A;STA-IS0037A;IS0037A;SPO-IS0037A_00038_100;SPP-IS_A_chemi_thermo42i-TL_dal;SPO_F-IS0037A_00038_100_100;H2S;http://dd.eionet.europa.eu/vocabulary/aq/pollutant/38;hour;1.5620000000;µg/m3;2022-03-15 21:00:00 +01:00;2022-03-15 22:00:00 +01:00;1;3;;;;;;;
IS;IS.EA-Iceland.AQ;NET-IS009A;STA-IS0037A;IS0037A;SPO-IS0037A_00038_100;SPP-IS_A_chemi_thermo42i-TL_dal;SPO_F-IS0037A_00038_100_100;H2S;http://dd.eionet.europa.eu/vocabulary/aq/pollutant/38;hour;2.0148400000;µg/m3;2022-03-15 22:00:00 +01:00;2022-03-15 23:00:00 +01:00;1;3;;;;;;;
IS;IS.EA-Iceland.AQ;NET-IS009A;STA-IS0037A;IS0037A;SPO-IS0037A_00038_100;SPP-IS_A_chemi_thermo42i-TL_dal;SPO_F-IS0037A_00038_100_100;H2S;http://dd.eionet.europa.eu/vocabulary/aq/pollutant/38;hour;1.5618300000;µg/m3;2022-03-15 23:00:00 +01:00;2022-03-16 00:00:00 +01:00;1;3;;;;;;;
IS;IS.EA-Iceland.AQ;NET-IS009A;STA-IS0037A;IS0037A;SPO-IS0037A_00038_100;SPP-IS_A_chemi_thermo42i-TL_dal;SPO_F-IS0037A_00038_100_100;H2S;http://dd.eionet.europa.eu/vocabulary/aq/pollutant/38;hour;2.0250000000;µg/m3;2022-03-16 00:00:00 +01:00;2022-03-16 01:00:00 +01:00;1;3;;;;;;;
IS;IS.EA-Iceland.AQ;NET-IS009A;STA-IS0037A;IS0037A;SPO-IS0037A_00038_100;SPP-IS_A_chemi_thermo42i-TL_dal;SPO_F-IS0037A_00038_100_100;H2S;http://dd.eionet.europa.eu/vocabulary/aq/pollutant/38;hour;2.1228300000;µg/m3;2022-03-16 01:00:00 +01:00;2022-03-16 02:00:00 +01:00;1;3;;;;;;;
IS;IS.EA-Iceland.AQ;NET-IS009A;STA-IS0037A;IS0037A;SPO-IS0037A_00038_100;SPP-IS_A_chemi_thermo42i-TL_dal;SPO_F-IS0037A_00038_100_100;H2S;http://dd.eionet.europa.eu/vocabulary/aq/pollutant/38;hour;1.5308300000;µg/m3;2022-03-16 02:00:00 +01:00;2022-03-16 03:00:00 +01:00;1;3;;;;;;;
IS;IS.EA-Iceland.AQ;NET-IS009A;STA-IS0037A;IS0037A;SPO-IS0037A_00038_100;SPP-IS_A_chemi_thermo42i-TL_dal;SPO_F-IS0037A_00038_100_100;H2S;http://dd.eionet.europa.eu/vocabulary/aq/pollutant/38;hour;1.6881700000;µg/m3;2022-03-16 03:00:00 +01:00;2022-03-16 04:00:00 +01:00;1;3;;;;;;;
IS;IS.EA-Iceland.AQ;NET-IS009A;STA-IS0037A;IS0037A;SPO-IS0037A_00038_100;SPP-IS_A_chemi_thermo42i-TL_dal;SPO_F-IS0037A_00038_100_100;H2S;http://dd.eionet.europa.eu/vocabulary/aq/pollutant/38;hour;1.8073300000;µg/m3;2022-03-16 04:00:00 +01:00;2022-03-16 05:00:00 +01:00;1;3;;;;;;;
IS;IS.EA-Iceland.AQ;NET-IS009A;STA-IS0037A;IS0037A;SPO-IS0037A_00038_100;SPP-IS_A_chemi_thermo42i-TL_dal;SPO_F-IS0037A_00038_100_100;H2S;http://dd.eionet.europa.eu/vocabulary/aq/pollutant/38;hour;1.6498300000;µg/m3;2022-03-16 05:00:00 +01:00;2022-03-16 06:00:00 +01:00;1;3;;;;;;;
IS;IS.EA-Iceland.AQ;NET-IS009A;STA-IS0037A;IS0037A;SPO-IS0037A_00038_100;SPP-IS_A_chemi_thermo42i-TL_dal;SPO_F-IS0037A_00038_100_100;H2S;http://dd.eionet.europa.eu/vocabulary/aq/pollutant/38;hour;1.8913300000;µg/m3;2022-03-16 06:00:00 +01:00;2022-03-16 07:00:00 +01:00;1;3;;;;;;;
IS;IS.EA-Iceland.AQ;NET-IS009A;STA-IS0037A;IS0037A;SPO-IS0037A_00038_100;SPP-IS_A_chemi_thermo42i-TL_dal;SPO_F-IS0037A_00038_100_100;H2S;http://dd.eionet.europa.eu/vocabulary/aq/pollutant/38;hour;2.7478300000;µg/m3;2022-03-16 07:00:00 +01:00;2022-03-16 08:00:00 +01:00;1;3;;;;;;;
IS;IS.EA-Iceland.AQ;NET-IS009A;STA-IS0037A;IS0037A;SPO-IS0037A_00038_100;SPP-IS_A_chemi_thermo42i-TL_dal;SPO_F-IS0037A_00038_100_100;H2S;http://dd.eionet.europa.eu/vocabulary/aq/pollutant/38;hour;1.6213300000;µg/m3;2022-03-16 08:00:00 +01:00;2022-03-16 09:00:00 +01:00;1;3;;;;;;;
IS;IS.EA-Iceland.AQ;NET-IS009A;STA-IS0037A;IS0037A;SPO-IS0037A_00038_100;SPP-IS_A_chemi_thermo42i-TL_dal;SPO_F-IS0037A_00038_100_100;H2S;http://dd.eionet.europa.eu/vocabulary/aq/pollutant/38;hour;1.1301700000;µg/m3;2022-03-16 09:00:00 +01:00;2022-03-16 10:00:00 +01:00;1;3;;;;;;;
IS;IS.EA-Iceland.AQ;NET-IS009A;STA-IS0037A;IS0037A;SPO-IS0037A_00038_100;SPP-IS_A_chemi_thermo42i-TL_dal;SPO_F-IS0037A_00038_100_100;H2S;http://dd.eionet.europa.eu/vocabulary/aq/pollutant/38;hour;2.5550000000;µg/m3;2022-03-16 10:00:00 +01:00;2022-03-16 11:00:00 +01:00;1;3;;;;;;;
IS;IS.EA-Iceland.AQ;NET-IS009A;STA-IS0037A;IS0037A;SPO-IS0037A_00038_100;SPP-IS_A_chemi_thermo42i-TL_dal;SPO_F-IS0037A_00038_100_100;H2S;http://dd.eionet.europa.eu/vocabulary/aq/pollutant/38;hour;2.7836700000;µg/m3;2022-03-16 11:00:00 +01:00;2022-03-16 12:00:00 +01:00;1;3;;;;;;;
IS;IS.EA-Iceland.AQ;NET-IS009A;STA-IS0037A;IS0037A;SPO-IS0037A_00008_100;SPP-IS_A_chemi_thermo42i-TL_dal;SPO_F-IS0037A_00008_100_100;NO2;http://dd.eionet.europa.eu/vocabulary/aq/pollutant/8;hour;3.3285000000;µg/m3;2022-03-15 11:00:00 +01:00;2022-03-15 12:00:00 +01:00;1;3;;;;;;;
IS;IS.EA-Iceland.AQ;NET-IS009A;STA-IS0037A;IS0037A;SPO-IS0037A_00008_100;SPP-IS_A_chemi_thermo42i-TL_dal;SPO_F-IS0037A_00008_100_100;NO2;http://dd.eionet.europa.eu/vocabulary/aq/pollutant/8;hour;3.8701700000;µg/m3;2022-03-15 12:00:00 +01:00;2022-03-15 13:00:00 +01:00;1;3;;;;;;;
IS;IS.EA-Iceland.AQ;NET-IS009A;STA-IS0037A;IS0037A;SPO-IS0037A_00008_100;SPP-IS_A_chemi_thermo42i-TL_dal;SPO_F-IS0037A_00008_100_100;NO2;http://dd.eionet.europa.eu/vocabulary/aq/pollutant/8;hour;3.9686700000;µg/m3;2022-03-15 13:00:00 +01:00;2022-03-15 14:00:00 +01:00;1;3;;;;;;;
IS;IS.EA-Iceland.AQ;NET-IS009A;STA-IS0037A;IS0037A;SPO-IS0037A_00008_100;SPP-IS_A_chemi_thermo42i-TL_dal;SPO_F-IS0037A_00008_100_100;NO2;http://dd.eionet.europa.eu/vocabulary/aq/pollutant/8;hour;3.5336700000;µg/m3;2022-03-15 14:00:00 +01:00;2022-03-15 15:00:00 +01:00;1;3;;;;;;;
IS;IS.EA-Iceland.AQ;NET-IS009A;STA-IS0037A;IS0037A;SPO-IS0037A_00008_100;SPP-IS_A_chemi_thermo42i-TL_dal;SPO_F-IS0037A_00008_100_100;NO2;http://dd.eionet.europa.eu/vocabulary/aq/pollutant/8;hour;5.1695000000;µg/m3;2022-03-15 15:00:00 +01:00;2022-03-15 16:00:00 +01:00;1;3;;;;;;;
IS;IS.EA-Iceland.AQ;NET-IS009A;STA-IS0037A;IS0037A;SPO-IS0037A_00008_100;SPP-IS_A_chemi_thermo42i-TL_dal;SPO_F-IS0037A_00008_100_100;NO2;http://dd.eionet.europa.eu/vocabulary/aq/pollutant/8;hour;8.6681700000;µg/m3;2022-03-15 16:00:00 +01:00;2022-03-15 17:00:00 +01:00;1;3;;;;;;;
IS;IS.EA-Iceland.AQ;NET-IS009A;STA-IS0037A;IS0037A;SPO-IS0037A_00008_100;SPP-IS_A_chemi_thermo42i-TL_dal;SPO_F-IS0037A_00008_100_100;NO2;http://dd.eionet.europa.eu/vocabulary/aq/pollutant/8;hour;10.1388000000;µg/m3;2022-03-15 17:00:00 +01:00;2022-03-15 18:00:00 +01:00;1;3;;;;;;;
IS;IS.EA-Iceland.AQ;NET-IS009A;STA-IS0037A;IS0037A;SPO-IS0037A_00008_100;SPP-IS_A_chemi_thermo42i-TL_dal;SPO_F-IS0037A_00008_100_100;NO2;http://dd.eionet.europa.eu/vocabulary/aq/pollutant/8;hour;16.1067000000;µg/m3;2022-03-15 18:00:00 +01:00;2022-03-15 19:00:00 +01:00;1;3;;;;;;;
IS;IS.EA-Iceland.AQ;NET-IS009A;STA-IS0037A;IS0037A;SPO-IS0037A_00008_100;SPP-IS_A_chemi_thermo42i-TL_dal;SPO_F-IS0037A_00008_100_100;NO2;http://dd.eionet.europa.eu/vocabulary/aq/pollutant/8;hour;9.9240000000;µg/m3;2022-03-15 19:00:00 +01:00;2022-03-15 20:00:00 +01:00;1;3;;;;;;;
IS;IS.EA-Iceland.AQ;NET-IS009A;STA-IS0037A;IS0037A;SPO-IS0037A_00008_100;SPP-IS_A_chemi_thermo42i-TL_dal;SPO_F-IS0037A_00008_100_100;NO2;http://dd.eionet.europa.eu/vocabulary/aq/pollutant/8;hour;7.0178300000;µg/m3;2022-03-15 20:00:00 +01:00;2022-03-15 21:00:00 +01:00;1;3;;;;;;;
IS;IS.EA-Iceland.AQ;NET-IS009A;STA-IS0037A;IS0037A;SPO-IS0037A_00008_100;SPP-IS_A_chemi_thermo42i-TL_dal;SPO_F-IS0037A_00008_100_100;NO2;http://dd.eionet.europa.eu/vocabulary/aq/pollutant/8;hour;4.4836700000;µg/m3;2022-03-15 21:00:00 +01:00;2022-03-15 22:00:00 +01:00;1;3;;;;;;;
IS;IS.EA-Iceland.AQ;NET-IS009A;STA-IS0037A;IS0037A;SPO-IS0037A_00008_100;SPP-IS_A_chemi_thermo42i-TL_dal;SPO_F-IS0037A_00008_100_100;NO2;http://dd.eionet.europa.eu/vocabulary/aq/pollutant/8;hour;3.8041600000;µg/m3;2022-03-15 22:00:00 +01:00;2022-03-15 23:00:00 +01:00;1;3;;;;;;;
IS;IS.EA-Iceland.AQ;NET-IS009A;STA-IS0037A;IS0037A;SPO-IS0037A_00008_100;SPP-IS_A_chemi_thermo42i-TL_dal;SPO_F-IS0037A_00008_100_100;NO2;http://dd.eionet.europa.eu/vocabulary/aq/pollutant/8;hour;3.9665000000;µg/m3;2022-03-15 23:00:00 +01:00;2022-03-16 00:00:00 +01:00;1;3;;;;;;;
IS;IS.EA-Iceland.AQ;NET-IS009A;STA-IS0037A;IS0037A;SPO-IS0037A_00008_100;SPP-IS_A_chemi_thermo42i-TL_dal;SPO_F-IS0037A_00008_100_100;NO2;http://dd.eionet.europa.eu/vocabulary/aq/pollutant/8;hour;1.6983300000;µg/m3;2022-03-16 00:00:00 +01:00;2022-03-16 01:00:00 +01:00;1;3;;;;;;;
IS;IS.EA-Iceland.AQ;NET-IS009A;STA-IS0037A;IS0037A;SPO-IS0037A_00008_100;SPP-IS_A_chemi_thermo42i-TL_dal;SPO_F-IS0037A_00008_100_100;NO2;http://dd.eionet.europa.eu/vocabulary/aq/pollutant/8;hour;1.2808300000;µg/m3;2022-03-16 01:00:00 +01:00;2022-03-16 02:00:00 +01:00;1;3;;;;;;;
IS;IS.EA-Iceland.AQ;NET-IS009A;STA-IS0037A;IS0037A;SPO-IS0037A_00008_100;SPP-IS_A_chemi_thermo42i-TL_dal;SPO_F-IS0037A_00008_100_100;NO2;http://dd.eionet.europa.eu/vocabulary/aq/pollutant/8;hour;0.1950000000;µg/m3;2022-03-16 02:00:00 +01:00;2022-03-16 03:00:00 +01:00;1;3;;;;;;;
IS;IS.EA-Iceland.AQ;NET-IS009A;STA-IS0037A;IS0037A;SPO-IS0037A_00008_100;SPP-IS_A_chemi_thermo42i-TL_dal;SPO_F-IS0037A_00008_100_100;NO2;http://dd.eionet.europa.eu/vocabulary/aq/pollutant/8;hour;0.3283330000;µg/m3;2022-03-16 03:00:00 +01:00;2022-03-16 04:00:00 +01:00;1;3;;;;;;;
IS;IS.EA-Iceland.AQ;NET-IS009A;STA-IS0037A;IS0037A;SPO-IS0037A_00008_100;SPP-IS_A_chemi_thermo42i-TL_dal;SPO_F-IS0037A_00008_100_100;NO2;http://dd.eionet.europa.eu/vocabulary/aq/pollutant/8;hour;0.2243330000;µg/m3;2022-03-16 04:00:00 +01:00;2022-03-16 05:00:00 +01:00;1;3;;;;;;;
IS;IS.EA-Iceland.AQ;NET-IS009A;STA-IS0037A;IS0037A;SPO-IS0037A_00008_100;SPP-IS_A_chemi_thermo42i-TL_dal;SPO_F-IS0037A_00008_100_100;NO2;http://dd.eionet.europa.eu/vocabulary/aq/pollutant/8;hour;1.1911700000;µg/m3;2022-03-16 05:00:00 +01:00;2022-03-16 06:00:00 +01:00;1;3;;;;;;;
IS;IS.EA-Iceland.AQ;NET-IS009A;STA-IS0037A;IS0037A;SPO-IS0037A_00008_100;SPP-IS_A_chemi_thermo42i-TL_dal;SPO_F-IS0037A_00008_100_100;NO2;http://dd.eionet.europa.eu/vocabulary/aq/pollutant/8;hour;2.1811700000;µg/m3;2022-03-16 06:00:00 +01:00;2022-03-16 07:00:00 +01:00;1;3;;;;;;;
IS;IS.EA-Iceland.AQ;NET-IS009A;STA-IS0037A;IS0037A;SPO-IS0037A_00008_100;SPP-IS_A_chemi_thermo42i-TL_dal;SPO_F-IS0037A_00008_100_100;NO2;http://dd.eionet.europa.eu/vocabulary/aq/pollutant/8;hour;3.9133300000;µg/m3;2022-03-16 07:00:00 +01:00;2022-03-16 08:00:00 +01:00;1;3;;;;;;;
IS;IS.EA-Iceland.AQ;NET-IS009A;STA-IS0037A;IS0037A;SPO-IS0037A_00008_100;SPP-IS_A_chemi_thermo42i-TL_dal;SPO_F-IS0037A_00008_100_100;NO2;http://dd.eionet.europa.eu/vocabulary/aq/pollutant/8;hour;14.5450000000;µg/m3;2022-03-16 08:00:00 +01:00;2022-03-16 09:00:00 +01:00;1;3;;;;;;;
IS;IS.EA-Iceland.AQ;NET-IS009A;STA-IS0037A;IS0037A;SPO-IS0037A_00008_100;SPP-IS_A_chemi_thermo42i-TL_dal;SPO_F-IS0037A_00008_100_100;NO2;http://dd.eionet.europa.eu/vocabulary/aq/pollutant/8;hour;13.2233000000;µg/m3;2022-03-16 09:00:00 +01:00;2022-03-16 10:00:00 +01:00;1;3;;;;;;;
IS;IS.EA-Iceland.AQ;NET-IS009A;STA-IS0037A;IS0037A;SPO-IS0037A_00008_100;SPP-IS_A_chemi_thermo42i-TL_dal;SPO_F-IS0037A_00008_100_100;NO2;http://dd.eionet.europa.eu/vocabulary/aq/pollutant/8;hour;14.9583000000;µg/m3;2022-03-16 10:00:00 +01:00;2022-03-16 11:00:00 +01:00;1;3;;;;;;;
IS;IS.EA-Iceland.AQ;NET-IS009A;STA-IS0037A;IS0037A;SPO-IS0037A_00008_100;SPP-IS_A_chemi_thermo42i-TL_dal;SPO_F-IS0037A_00008_100_100;NO2;http://dd.eionet.europa.eu/vocabulary/aq/pollutant/8;hour;11.1355000000;µg/m3;2022-03-16 11:00:00 +01:00;2022-03-16 12:00:00 +01:00;1;3;;;;;;;
IS;IS.EA-Iceland.AQ;NET-IS009A;STA-IS0037A;IS0037A;SPO-IS0037A_00005_100;SPP-IS_A_BETA_thermo5030SHARP_dal;SPO_F-IS0037A_00005_100_100;PM10;http://dd.eionet.europa.eu/vocabulary/aq/pollutant/5;hour;8.9913200000;µg/m3;2022-03-15 11:00:00 +01:00;2022-03-15 12:00:00 +01:00;1;3;;;;;;;
IS;IS.EA-Iceland.AQ;NET-IS009A;STA-IS0037A;IS0037A;SPO-IS0037A_00005_100;SPP-IS_A_BETA_thermo5030SHARP_dal;SPO_F-IS0037A_00005_100_100;PM10;http://dd.eionet.europa.eu/vocabulary/aq/pollutant/5;hour;8.5009200000;µg/m3;2022-03-15 12:00:00 +01:00;2022-03-15 13:00:00 +01:00;1;3;;;;;;;
IS;IS.EA-Iceland.AQ;NET-IS009A;STA-IS0037A;IS0037A;SPO-IS0037A_00005_100;SPP-IS_A_BETA_thermo5030SHARP_dal;SPO_F-IS0037A_00005_100_100;PM10;http://dd.eionet.europa.eu/vocabulary/aq/pollutant/5;hour;8.6603700000;µg/m3;2022-03-15 13:00:00 +01:00;2022-03-15 14:00:00 +01:00;1;3;;;;;;;
IS;IS.EA-Iceland.AQ;NET-IS009A;STA-IS0037A;IS0037A;SPO-IS0037A_00005_100;SPP-IS_A_BETA_thermo5030SHARP_dal;SPO_F-IS0037A_00005_100_100;PM10;http://dd.eionet.europa.eu/vocabulary/aq/pollutant/5;hour;7.9269900000;µg/m3;2022-03-15 14:00:00 +01:00;2022-03-15 15:00:00 +01:00;1;3;;;;;;;
IS;IS.EA-Iceland.AQ;NET-IS009A;STA-IS0037A;IS0037A;SPO-IS0037A_00005_100;SPP-IS_A_BETA_thermo5030SHARP_dal;SPO_F-IS0037A_00005_100_100;PM10;http://dd.eionet.europa.eu/vocabulary/aq/pollutant/5;hour;9.3881500000;µg/m3;2022-03-15 15:00:00 +01:00;2022-03-15 16:00:00 +01:00;1;3;;;;;;;
IS;IS.EA-Iceland.AQ;NET-IS009A;STA-IS0037A;IS0037A;SPO-IS0037A_00005_100;SPP-IS_A_BETA_thermo5030SHARP_dal;SPO_F-IS0037A_00005_100_100;PM10;http://dd.eionet.europa.eu/vocabulary/aq/pollutant/5;hour;14.6847000000;µg/m3;2022-03-15 16:00:00 +01:00;2022-03-15 17:00:00 +01:00;1;3;;;;;;;
IS;IS.EA-Iceland.AQ;NET-IS009A;STA-IS0037A;IS0037A;SPO-IS0037A_00005_100;SPP-IS_A_BETA_thermo5030SHARP_dal;SPO_F-IS0037A_00005_100_100;PM10;http://dd.eionet.europa.eu/vocabulary/aq/pollutant/5;hour;13.2740000000;µg/m3;2022-03-15 17:00:00 +01:00;2022-03-15 18:00:00 +01:00;1;3;;;;;;;
IS;IS.EA-Iceland.AQ;NET-IS009A;STA-IS0037A;IS0037A;SPO-IS0037A_00005_100;SPP-IS_A_BETA_thermo5030SHARP_dal;SPO_F-IS0037A_00005_100_100;PM10;http://dd.eionet.europa.eu/vocabulary/aq/pollutant/5;hour;9.7166000000;µg/m3;2022-03-15 18:00:00 +01:00;2022-03-15 19:00:00 +01:00;1;3;;;;;;;
IS;IS.EA-Iceland.AQ;NET-IS009A;STA-IS0037A;IS0037A;SPO-IS0037A_00005_100;SPP-IS_A_BETA_thermo5030SHARP_dal;SPO_F-IS0037A_00005_100_100;PM10;http://dd.eionet.europa.eu/vocabulary/aq/pollutant/5;hour;4.8330800000;µg/m3;2022-03-15 19:00:00 +01:00;2022-03-15 20:00:00 +01:00;1;3;;;;;;;
IS;IS.EA-Iceland.AQ;NET-IS009A;STA-IS0037A;IS0037A;SPO-IS0037A_00005_100;SPP-IS_A_BETA_thermo5030SHARP_dal;SPO_F-IS0037A_00005_100_100;PM10;http://dd.eionet.europa.eu/vocabulary/aq/pollutant/5;hour;2.8202200000;µg/m3;2022-03-15 20:00:00 +01:00;2022-03-15 21:00:00 +01:00;1;3;;;;;;;
IS;IS.EA-Iceland.AQ;NET-IS009A;STA-IS0037A;IS0037A;SPO-IS0037A_00005_100;SPP-IS_A_BETA_thermo5030SHARP_dal;SPO_F-IS0037A_00005_100_100;PM10;http://dd.eionet.europa.eu/vocabulary/aq/pollutant/5;hour;4.2208700000;µg/m3;2022-03-15 21:00:00 +01:00;2022-03-15 22:00:00 +01:00;1;3;;;;;;;
IS;IS.EA-Iceland.AQ;NET-IS009A;STA-IS0037A;IS0037A;SPO-IS0037A_00005_100;SPP-IS_A_BETA_thermo5030SHARP_dal;SPO_F-IS0037A_00005_100_100;PM10;http://dd.eionet.europa.eu/vocabulary/aq/pollutant/5;hour;5.4847300000;µg/m3;2022-03-15 22:00:00 +01:00;2022-03-15 23:00:00 +01:00;1;3;;;;;;;
IS;IS.EA-Iceland.AQ;NET-IS009A;STA-IS0037A;IS0037A;SPO-IS0037A_00005_100;SPP-IS_A_BETA_thermo5030SHARP_dal;SPO_F-IS0037A_00005_100_100;PM10;http://dd.eionet.europa.eu/vocabulary/aq/pollutant/5;hour;6.3377400000;µg/m3;2022-03-15 23:00:00 +01:00;2022-03-16 00:00:00 +01:00;1;3;;;;;;;
IS;IS.EA-Iceland.AQ;NET-IS009A;STA-IS0037A;IS0037A;SPO-IS0037A_00005_100;SPP-IS_A_BETA_thermo5030SHARP_dal;SPO_F-IS0037A_00005_100_100;PM10;http://dd.eionet.europa.eu/vocabulary/aq/pollutant/5;hour;3.7118000000;µg/m3;2022-03-16 00:00:00 +01:00;2022-03-16 01:00:00 +01:00;1;3;;;;;;;
IS;IS.EA-Iceland.AQ;NET-IS009A;STA-IS0037A;IS0037A;SPO-IS0037A_00005_100;SPP-IS_A_BETA_thermo5030SHARP_dal;SPO_F-IS0037A_00005_100_100;PM10;http://dd.eionet.europa.eu/vocabulary/aq/pollutant/5;hour;3.0645600000;µg/m3;2022-03-16 01:00:00 +01:00;2022-03-16 02:00:00 +01:00;1;3;;;;;;;
IS;IS.EA-Iceland.AQ;NET-IS009A;STA-IS0037A;IS0037A;SPO-IS0037A_00005_100;SPP-IS_A_BETA_thermo5030SHARP_dal;SPO_F-IS0037A_00005_100_100;PM10;http://dd.eionet.europa.eu/vocabulary/aq/pollutant/5;hour;5.0461900000;µg/m3;2022-03-16 02:00:00 +01:00;2022-03-16 03:00:00 +01:00;1;3;;;;;;;
IS;IS.EA-Iceland.AQ;NET-IS009A;STA-IS0037A;IS0037A;SPO-IS0037A_00005_100;SPP-IS_A_BETA_thermo5030SHARP_dal;SPO_F-IS0037A_00005_100_100;PM10;http://dd.eionet.europa.eu/vocabulary/aq/pollutant/5;hour;5.7882200000;µg/m3;2022-03-16 03:00:00 +01:00;2022-03-16 04:00:00 +01:00;1;3;;;;;;;
IS;IS.EA-Iceland.AQ;NET-IS009A;STA-IS0037A;IS0037A;SPO-IS0037A_00005_100;SPP-IS_A_BETA_thermo5030SHARP_dal;SPO_F-IS0037A_00005_100_100;PM10;http://dd.eionet.europa.eu/vocabulary/aq/pollutant/5;hour;4.6754700000;µg/m3;2022-03-16 04:00:00 +01:00;2022-03-16 05:00:00 +01:00;1;3;;;;;;;
IS;IS.EA-Iceland.AQ;NET-IS009A;STA-IS0037A;IS0037A;SPO-IS0037A_00005_100;SPP-IS_A_BETA_thermo5030SHARP_dal;SPO_F-IS0037A_00005_100_100;PM10;http://dd.eionet.europa.eu/vocabulary/aq/pollutant/5;hour;4.7330000000;µg/m3;2022-03-16 05:00:00 +01:00;2022-03-16 06:00:00 +01:00;1;3;;;;;;;
IS;IS.EA-Iceland.AQ;NET-IS009A;STA-IS0037A;IS0037A;SPO-IS0037A_00005_100;SPP-IS_A_BETA_thermo5030SHARP_dal;SPO_F-IS0037A_00005_100_100;PM10;http://dd.eionet.europa.eu/vocabulary/aq/pollutant/5;hour;3.4347200000;µg/m3;2022-03-16 06:00:00 +01:00;2022-03-16 07:00:00 +01:00;1;3;;;;;;;
IS;IS.EA-Iceland.AQ;NET-IS009A;STA-IS0037A;IS0037A;SPO-IS0037A_00005_100;SPP-IS_A_BETA_thermo5030SHARP_dal;SPO_F-IS0037A_00005_100_100;PM10;http://dd.eionet.europa.eu/vocabulary/aq/pollutant/5;hour;2.8230400000;µg/m3;2022-03-16 07:00:00 +01:00;2022-03-16 08:00:00 +01:00;1;3;;;;;;;
IS;IS.EA-Iceland.AQ;NET-IS009A;STA-IS0037A;IS0037A;SPO-IS0037A_00005_100;SPP-IS_A_BETA_thermo5030SHARP_dal;SPO_F-IS0037A_00005_100_100;PM10;http://dd.eionet.europa.eu/vocabulary/aq/pollutant/5;hour;2.2832900000;µg/m3;2022-03-16 08:00:00 +01:00;2022-03-16 09:00:00 +01:00;1;3;;;;;;;
IS;IS.EA-Iceland.AQ;NET-IS009A;STA-IS0037A;IS0037A;SPO-IS0037A_00005_100;SPP-IS_A_BETA_thermo5030SHARP_dal;SPO_F-IS0037A_00005_100_100;PM10;http://dd.eionet.europa.eu/vocabulary/aq/pollutant/5;hour;4.1524000000;µg/m3;2022-03-16 09:00:00 +01:00;2022-03-16 10:00:00 +01:00;1;3;;;;;;;
IS;IS.EA-Iceland.AQ;NET-IS009A;STA-IS0037A;IS0037A;SPO-IS0037A_00005_100;SPP-IS_A_BETA_thermo5030SHARP_dal;SPO_F-IS0037A_00005_100_100;PM10;http://dd.eionet.europa.eu/vocabulary/aq/pollutant/5;hour;4.1163600000;µg/m3;2022-03-16 10:00:00 +01:00;2022-03-16 11:00:00 +01:00;1;3;;;;;;;
IS;IS.EA-Iceland.AQ;NET-IS009A;STA-IS0037A;IS0037A;SPO-IS0037A_00005_100;SPP-IS_A_BETA_thermo5030SHARP_dal;SPO_F-IS0037A_00005_100_100;PM10;http://dd.eionet.europa.eu/vocabulary/aq/pollutant/5;hour;2.9315500000;µg/m3;2022-03-16 11:00:00 +01:00;2022-03-16 12:00:00 +01:00;1;3;;;;;;;
IS;IS.EA-Iceland.AQ;NET-IS003A;STA-IS0056A;IS0056A;SPO-IS0056A_06001_100;SPP-IS_A_Fa1_Fidas_PM;SPO_F-IS0056A_06001_100_100;PM2.5;http://dd.eionet.europa.eu/vocabulary/aq/pollutant/6001;hour;5.6500000000;µg/m3;2022-03-15 11:00:00 +01:00;2022-03-15 12:00:00 +01:00;1;3;;;;;;;
IS;IS.EA-Iceland.AQ;NET-IS003A;STA-IS0056A;IS0056A;SPO-IS0056A_06001_100;SPP-IS_A_Fa1_Fidas_PM;SPO_F-IS0056A_06001_100_100;PM2.5;http://dd.eionet.europa.eu/vocabulary/aq/pollutant/6001;hour;6.0500000000;µg/m3;2022-03-15 12:00:00 +01:00;2022-03-15 13:00:00 +01:00;1;3;;;;;;;
IS;IS.EA-Iceland.AQ;NET-IS003A;STA-IS0056A;IS0056A;SPO-IS0056A_06001_100;SPP-IS_A_Fa1_Fidas_PM;SPO_F-IS0056A_06001_100_100;PM2.5;http://dd.eionet.europa.eu/vocabulary/aq/pollutant/6001;hour;6.7500000000;µg/m3;2022-03-15 13:00:00 +01:00;2022-03-15 14:00:00 +01:00;1;3;;;;;;;
IS;IS.EA-Iceland.AQ;NET-IS003A;STA-IS0056A;IS0056A;SPO-IS0056A_06001_100;SPP-IS_A_Fa1_Fidas_PM;SPO_F-IS0056A_06001_100_100;PM2.5;http://dd.eionet.europa.eu/vocabulary/aq/pollutant/6001;hour;6.4000000000;µg/m3;2022-03-15 14:00:00 +01:00;2022-03-15 15:00:00 +01:00;1;3;;;;;;;
IS;IS.EA-Iceland.AQ;NET-IS003A;STA-IS0056A;IS0056A;SPO-IS0056A_06001_100;SPP-IS_A_Fa1_Fidas_PM;SPO_F-IS0056A_06001_100_100;PM2.5;http://dd.eionet.europa.eu/vocabulary/aq/pollutant/6001;hour;6.7000000000;µg/m3;2022-03-15 15:00:00 +01:00;2022-03-15 16:00:00 +01:00;1;3;;;;;;;
IS;IS.EA-Iceland.AQ;NET-IS003A;STA-IS0056A;IS0056A;SPO-IS0056A_06001_100;SPP-IS_A_Fa1_Fidas_PM;SPO_F-IS0056A_06001_100_100;PM2.5;http://dd.eionet.europa.eu/vocabulary/aq/pollutant/6001;hour;9.1000100000;µg/m3;2022-03-15 16:00:00 +01:00;2022-03-15 17:00:00 +01:00;1;3;;;;;;;
IS;IS.EA-Iceland.AQ;NET-IS003A;STA-IS0056A;IS0056A;SPO-IS0056A_06001_100;SPP-IS_A_Fa1_Fidas_PM;SPO_F-IS0056A_06001_100_100;PM2.5;http://dd.eionet.europa.eu/vocabulary/aq/pollutant/6001;hour;9.5500000000;µg/m3;2022-03-15 17:00:00 +01:00;2022-03-15 18:00:00 +01:00;1;3;;;;;;;
IS;IS.EA-Iceland.AQ;NET-IS003A;STA-IS0056A;IS0056A;SPO-IS0056A_06001_100;SPP-IS_A_Fa1_Fidas_PM;SPO_F-IS0056A_06001_100_100;PM2.5;http://dd.eionet.europa.eu/vocabulary/aq/pollutant/6001;hour;6.4500000000;µg/m3;2022-03-15 18:00:00 +01:00;2022-03-15 19:00:00 +01:00;1;3;;;;;;;
IS;IS.EA-Iceland.AQ;NET-IS003A;STA-IS0056A;IS0056A;SPO-IS0056A_06001_100;SPP-IS_A_Fa1_Fidas_PM;SPO_F-IS0056A_06001_100_100;PM2.5;http://dd.eionet.europa.eu/vocabulary/aq/pollutant/6001;hour;4.8000000000;µg/m3;2022-03-15 19:00:00 +01:00;2022-03-15 20:00:00 +01:00;1;3;;;;;;;
IS;IS.EA-Iceland.AQ;NET-IS003A;STA-IS0056A;IS0056A;SPO-IS0056A_06001_100;SPP-IS_A_Fa1_Fidas_PM;SPO_F-IS0056A_06001_100_100;PM2.5;http://dd.eionet.europa.eu/vocabulary/aq/pollutant/6001;hour;3.9500000000;µg/m3;2022-03-15 20:00:00 +01:00;2022-03-15 21:00:00 +01:00;1;3;;;;;;;
IS;IS.EA-Iceland.AQ;NET-IS003A;STA-IS0056A;IS0056A;SPO-IS0056A_06001_100;SPP-IS_A_Fa1_Fidas_PM;SPO_F-IS0056A_06001_100_100;PM2.5;http://dd.eionet.europa.eu/vocabulary/aq/pollutant/6001;hour;4.1500000000;µg/m3;2022-03-15 21:00:00 +01:00;2022-03-15 22:00:00 +01:00;1;3;;;;;;;
IS;IS.EA-Iceland.AQ;NET-IS003A;STA-IS0056A;IS0056A;SPO-IS0056A_06001_100;SPP-IS_A_Fa1_Fidas_PM;SPO_F-IS0056A_06001_100_100;PM2.5;http://dd.eionet.europa.eu/vocabulary/aq/pollutant/6001;hour;4.3000000000;µg/m3;2022-03-15 22:00:00 +01:00;2022-03-15 23:00:00 +01:00;1;3;;;;;;;
IS;IS.EA-Iceland.AQ;NET-IS003A;STA-IS0056A;IS0056A;SPO-IS0056A_06001_100;SPP-IS_A_Fa1_Fidas_PM;SPO_F-IS0056A_06001_100_100;PM2.5;http://dd.eionet.europa.eu/vocabulary/aq/pollutant/6001;hour;4.6500000000;µg/m3;2022-03-15 23:00:00 +01:00;2022-03-16 00:00:00 +01:00;1;3;;;;;;;
IS;IS.EA-Iceland.AQ;NET-IS003A;STA-IS0056A;IS0056A;SPO-IS0056A_06001_100;SPP-IS_A_Fa1_Fidas_PM;SPO_F-IS0056A_06001_100_100;PM2.5;http://dd.eionet.europa.eu/vocabulary/aq/pollutant/6001;hour;3.4500000000;µg/m3;2022-03-16 00:00:00 +01:00;2022-03-16 01:00:00 +01:00;1;3;;;;;;;
IS;IS.EA-Iceland.AQ;NET-IS003A;STA-IS0056A;IS0056A;SPO-IS0056A_06001_100;SPP-IS_A_Fa1_Fidas_PM;SPO_F-IS0056A_06001_100_100;PM2.5;http://dd.eionet.europa.eu/vocabulary/aq/pollutant/6001;hour;3.0500000000;µg/m3;2022-03-16 01:00:00 +01:00;2022-03-16 02:00:00 +01:00;1;3;;;;;;;
IS;IS.EA-Iceland.AQ;NET-IS003A;STA-IS0056A;IS0056A;SPO-IS0056A_06001_100;SPP-IS_A_Fa1_Fidas_PM;SPO_F-IS0056A_06001_100_100;PM2.5;http://dd.eionet.europa.eu/vocabulary/aq/pollutant/6001;hour;3.5000000000;µg/m3;2022-03-16 02:00:00 +01:00;2022-03-16 03:00:00 +01:00;1;3;;;;;;;
IS;IS.EA-Iceland.AQ;NET-IS003A;STA-IS0056A;IS0056A;SPO-IS0056A_06001_100;SPP-IS_A_Fa1_Fidas_PM;SPO_F-IS0056A_06001_100_100;PM2.5;http://dd.eionet.europa.eu/vocabulary/aq/pollutant/6001;hour;4.2000000000;µg/m3;2022-03-16 03:00:00 +01:00;2022-03-16 04:00:00 +01:00;1;3;;;;;;;
IS;IS.EA-Iceland.AQ;NET-IS003A;STA-IS0056A;IS0056A;SPO-IS0056A_06001_100;SPP-IS_A_Fa1_Fidas_PM;SPO_F-IS0056A_06001_100_100;PM2.5;http://dd.eionet.europa.eu/vocabulary/aq/pollutant/6001;hour;4.4000000000;µg/m3;2022-03-16 04:00:00 +01:00;2022-03-16 05:00:00 +01:00;1;3;;;;;;;
IS;IS.EA-Iceland.AQ;NET-IS003A;STA-IS0056A;IS0056A;SPO-IS0056A_06001_100;SPP-IS_A_Fa1_Fidas_PM;SPO_F-IS0056A_06001_100_100;PM2.5;http://dd.eionet.europa.eu/vocabulary/aq/pollutant/6001;hour;3.8500000000;µg/m3;2022-03-16 05:00:00 +01:00;2022-03-16 06:00:00 +01:00;1;3;;;;;;;
IS;IS.EA-Iceland.AQ;NET-IS003A;STA-IS0056A;IS0056A;SPO-IS0056A_06001_100;SPP-IS_A_Fa1_Fidas_PM;SPO_F-IS0056A_06001_100_100;PM2.5;http://dd.eionet.europa.eu/vocabulary/aq/pollutant/6001;hour;4.0000000000;µg/m3;2022-03-16 06:00:00 +01:00;2022-03-16 07:00:00 +01:00;1;3;;;;;;;
IS;IS.EA-Iceland.AQ;NET-IS003A;STA-IS0056A;IS0056A;SPO-IS0056A_06001_100;SPP-IS_A_Fa1_Fidas_PM;SPO_F-IS0056A_06001_100_100;PM2.5;http://dd.eionet.europa.eu/vocabulary/aq/pollutant/6001;hour;3.4000000000;µg/m3;2022-03-16 07:00:00 +01:00;2022-03-16 08:00:00 +01:00;1;3;;;;;;;
IS;IS.EA-Iceland.AQ;NET-IS003A;STA-IS0056A;IS0056A;SPO-IS0056A_06001_100;SPP-IS_A_Fa1_Fidas_PM;SPO_F-IS0056A_06001_100_100;PM2.5;http://dd.eionet.europa.eu/vocabulary/aq/pollutant/6001;hour;2.9500000000;µg/m3;2022-03-16 08:00:00 +01:00;2022-03-16 09:00:00 +01:00;1;3;;;;;;;
IS;IS.EA-Iceland.AQ;NET-IS003A;STA-IS0056A;IS0056A;SPO-IS0056A_06001_100;SPP-IS_A_Fa1_Fidas_PM;SPO_F-IS0056A_06001_100_100;PM2.5;http://dd.eionet.europa.eu/vocabulary/aq/pollutant/6001;hour;2.8500000000;µg/m3;2022-03-16 09:00:00 +01:00;2022-03-16 10:00:00 +01:00;1;3;;;;;;;
IS;IS.EA-Iceland.AQ;NET-IS003A;STA-IS0056A;IS0056A;SPO-IS0056A_06001_100;SPP-IS_A_Fa1_Fidas_PM;SPO_F-IS0056A_06001_100_100;PM2.5;http://dd.eionet.europa.eu/vocabulary/aq/pollutant/6001;hour;2.8500000000;µg/m3;2022-03-16 10:00:00 +01:00;2022-03-16 11:00:00 +01:00;1;3;;;;;;;
IS;IS.EA-Iceland.AQ;NET-IS003A;STA-IS0056A;IS0056A;SPO-IS0056A_06001_100;SPP-IS_A_Fa1_Fidas_PM;SPO_F-IS0056A_06001_100_100;PM2.5;http://dd.eionet.europa.eu/vocabulary/aq/pollutant/6001;hour;2.4500000000;µg/m3;2022-03-16 11:00:00 +01:00;2022-03-16 12:00:00 +01:00;1;3;;;;;;;
IS;IS.EA-Iceland.AQ;NET-IS009A;STA-IS0037A;IS0037A;SPO-IS0037A_00001_100;SPP-IS_A_UV-FL_12117_dal;SPO_F-IS0037A_00001_100_100;SO2;http://dd.eionet.europa.eu/vocabulary/aq/pollutant/1;hour;9.1205000000;µg/m3;2022-03-15 11:00:00 +01:00;2022-03-15 12:00:00 +01:00;1;3;;;;;;;
IS;IS.EA-Iceland.AQ;NET-IS009A;STA-IS0037A;IS0037A;SPO-IS0037A_00001_100;SPP-IS_A_UV-FL_12117_dal;SPO_F-IS0037A_00001_100_100;SO2;http://dd.eionet.europa.eu/vocabulary/aq/pollutant/1;hour;7.6581700000;µg/m3;2022-03-15 12:00:00 +01:00;2022-03-15 13:00:00 +01:00;1;3;;;;;;;
IS;IS.EA-Iceland.AQ;NET-IS009A;STA-IS0037A;IS0037A;SPO-IS0037A_00001_100;SPP-IS_A_UV-FL_12117_dal;SPO_F-IS0037A_00001_100_100;SO2;http://dd.eionet.europa.eu/vocabulary/aq/pollutant/1;hour;8.8270100000;µg/m3;2022-03-15 13:00:00 +01:00;2022-03-15 14:00:00 +01:00;1;3;;;;;;;
IS;IS.EA-Iceland.AQ;NET-IS009A;STA-IS0037A;IS0037A;SPO-IS0037A_00001_100;SPP-IS_A_UV-FL_12117_dal;SPO_F-IS0037A_00001_100_100;SO2;http://dd.eionet.europa.eu/vocabulary/aq/pollutant/1;hour;7.6528400000;µg/m3;2022-03-15 14:00:00 +01:00;2022-03-15 15:00:00 +01:00;1;3;;;;;;;
IS;IS.EA-Iceland.AQ;NET-IS009A;STA-IS0037A;IS0037A;SPO-IS0037A_00001_100;SPP-IS_A_UV-FL_12117_dal;SPO_F-IS0037A_00001_100_100;SO2;http://dd.eionet.europa.eu/vocabulary/aq/pollutant/1;hour;9.3461800000;µg/m3;2022-03-15 15:00:00 +01:00;2022-03-15 16:00:00 +01:00;1;3;;;;;;;
IS;IS.EA-Iceland.AQ;NET-IS009A;STA-IS0037A;IS0037A;SPO-IS0037A_00001_100;SPP-IS_A_UV-FL_12117_dal;SPO_F-IS0037A_00001_100_100;SO2;http://dd.eionet.europa.eu/vocabulary/aq/pollutant/1;hour;8.9393300000;µg/m3;2022-03-15 16:00:00 +01:00;2022-03-15 17:00:00 +01:00;1;3;;;;;;;
IS;IS.EA-Iceland.AQ;NET-IS009A;STA-IS0037A;IS0037A;SPO-IS0037A_00001_100;SPP-IS_A_UV-FL_12117_dal;SPO_F-IS0037A_00001_100_100;SO2;http://dd.eionet.europa.eu/vocabulary/aq/pollutant/1;hour;9.4956700000;µg/m3;2022-03-15 17:00:00 +01:00;2022-03-15 18:00:00 +01:00;1;3;;;;;;;
IS;IS.EA-Iceland.AQ;NET-IS009A;STA-IS0037A;IS0037A;SPO-IS0037A_00001_100;SPP-IS_A_UV-FL_12117_dal;SPO_F-IS0037A_00001_100_100;SO2;http://dd.eionet.europa.eu/vocabulary/aq/pollutant/1;hour;7.4210100000;µg/m3;2022-03-15 18:00:00 +01:00;2022-03-15 19:00:00 +01:00;1;3;;;;;;;
IS;IS.EA-Iceland.AQ;NET-IS009A;STA-IS0037A;IS0037A;SPO-IS0037A_00001_100;SPP-IS_A_UV-FL_12117_dal;SPO_F-IS0037A_00001_100_100;SO2;http://dd.eionet.europa.eu/vocabulary/aq/pollutant/1;hour;8.5646700000;µg/m3;2022-03-15 19:00:00 +01:00;2022-03-15 20:00:00 +01:00;1;3;;;;;;;
IS;IS.EA-Iceland.AQ;NET-IS009A;STA-IS0037A;IS0037A;SPO-IS0037A_00001_100;SPP-IS_A_UV-FL_12117_dal;SPO_F-IS0037A_00001_100_100;SO2;http://dd.eionet.europa.eu/vocabulary/aq/pollutant/1;hour;8.8203400000;µg/m3;2022-03-15 20:00:00 +01:00;2022-03-15 21:00:00 +01:00;1;3;;;;;;;
IS;IS.EA-Iceland.AQ;NET-IS009A;STA-IS0037A;IS0037A;SPO-IS0037A_00001_100;SPP-IS_A_UV-FL_12117_dal;SPO_F-IS0037A_00001_100_100;SO2;http://dd.eionet.europa.eu/vocabulary/aq/pollutant/1;hour;8.1690100000;µg/m3;2022-03-15 21:00:00 +01:00;2022-03-15 22:00:00 +01:00;1;3;;;;;;;
IS;IS.EA-Iceland.AQ;NET-IS009A;STA-IS0037A;IS0037A;SPO-IS0037A_00001_100;SPP-IS_A_UV-FL_12117_dal;SPO_F-IS0037A_00001_100_100;SO2;http://dd.eionet.europa.eu/vocabulary/aq/pollutant/1;hour;8.9446700000;µg/m3;2022-03-15 22:00:00 +01:00;2022-03-15 23:00:00 +01:00;1;3;;;;;;;
IS;IS.EA-Iceland.AQ;NET-IS009A;STA-IS0037A;IS0037A;SPO-IS0037A_00001_100;SPP-IS_A_UV-FL_12117_dal;SPO_F-IS0037A_00001_100_100;SO2;http://dd.eionet.europa.eu/vocabulary/aq/pollutant/1;hour;10.5005000000;µg/m3;2022-03-15 23:00:00 +01:00;2022-03-16 00:00:00 +01:00;1;3;;;;;;;
IS;IS.EA-Iceland.AQ;NET-IS009A;STA-IS0037A;IS0037A;SPO-IS0037A_00001_100;SPP-IS_A_UV-FL_12117_dal;SPO_F-IS0037A_00001_100_100;SO2;http://dd.eionet.europa.eu/vocabulary/aq/pollutant/1;hour;7.8760100000;µg/m3;2022-03-16 00:00:00 +01:00;2022-03-16 01:00:00 +01:00;1;3;;;;;;;
IS;IS.EA-Iceland.AQ;NET-IS009A;STA-IS0037A;IS0037A;SPO-IS0037A_00001_100;SPP-IS_A_UV-FL_12117_dal;SPO_F-IS0037A_00001_100_100;SO2;http://dd.eionet.europa.eu/vocabulary/aq/pollutant/1;hour;9.6668400000;µg/m3;2022-03-16 01:00:00 +01:00;2022-03-16 02:00:00 +01:00;1;3;;;;;;;
IS;IS.EA-Iceland.AQ;NET-IS009A;STA-IS0037A;IS0037A;SPO-IS0037A_00001_100;SPP-IS_A_UV-FL_12117_dal;SPO_F-IS0037A_00001_100_100;SO2;http://dd.eionet.europa.eu/vocabulary/aq/pollutant/1;hour;8.0115100000;µg/m3;2022-03-16 02:00:00 +01:00;2022-03-16 03:00:00 +01:00;1;3;;;;;;;
IS;IS.EA-Iceland.AQ;NET-IS009A;STA-IS0037A;IS0037A;SPO-IS0037A_00001_100;SPP-IS_A_UV-FL_12117_dal;SPO_F-IS0037A_00001_100_100;SO2;http://dd.eionet.europa.eu/vocabulary/aq/pollutant/1;hour;9.5985000000;µg/m3;2022-03-16 03:00:00 +01:00;2022-03-16 04:00:00 +01:00;1;3;;;;;;;
IS;IS.EA-Iceland.AQ;NET-IS009A;STA-IS0037A;IS0037A;SPO-IS0037A_00001_100;SPP-IS_A_UV-FL_12117_dal;SPO_F-IS0037A_00001_100_100;SO2;http://dd.eionet.europa.eu/vocabulary/aq/pollutant/1;hour;8.2296800000;µg/m3;2022-03-16 04:00:00 +01:00;2022-03-16 05:00:00 +01:00;1;3;;;;;;;
IS;IS.EA-Iceland.AQ;NET-IS009A;STA-IS0037A;IS0037A;SPO-IS0037A_00001_100;SPP-IS_A_UV-FL_12117_dal;SPO_F-IS0037A_00001_100_100;SO2;http://dd.eionet.europa.eu/vocabulary/aq/pollutant/1;hour;10.1058000000;µg/m3;2022-03-16 05:00:00 +01:00;2022-03-16 06:00:00 +01:00;1;3;;;;;;;
IS;IS.EA-Iceland.AQ;NET-IS009A;STA-IS0037A;IS0037A;SPO-IS0037A_00001_100;SPP-IS_A_UV-FL_12117_dal;SPO_F-IS0037A_00001_100_100;SO2;http://dd.eionet.europa.eu/vocabulary/aq/pollutant/1;hour;8.3250000000;µg/m3;2022-03-16 06:00:00 +01:00;2022-03-16 07:00:00 +01:00;1;3;;;;;;;
IS;IS.EA-Iceland.AQ;NET-IS009A;STA-IS0037A;IS0037A;SPO-IS0037A_00001_100;SPP-IS_A_UV-FL_12117_dal;SPO_F-IS0037A_00001_100_100;SO2;http://dd.eionet.europa.eu/vocabulary/aq/pollutant/1;hour;10.8252000000;µg/m3;2022-03-16 07:00:00 +01:00;2022-03-16 08:00:00 +01:00;1;3;;;;;;;
IS;IS.EA-Iceland.AQ;NET-IS009A;STA-IS0037A;IS0037A;SPO-IS0037A_00001_100;SPP-IS_A_UV-FL_12117_dal;SPO_F-IS0037A_00001_100_100;SO2;http://dd.eionet.europa.eu/vocabulary/aq/pollutant/1;hour;8.7708400000;µg/m3;2022-03-16 08:00:00 +01:00;2022-03-16 09:00:00 +01:00;1;3;;;;;;;
IS;IS.EA-Iceland.AQ;NET-IS009A;STA-IS0037A;IS0037A;SPO-IS0037A_00001_100;SPP-IS_A_UV-FL_12117_dal;SPO_F-IS0037A_00001_100_100;SO2;http://dd.eionet.europa.eu/vocabulary/aq/pollutant/1;hour;9.6100000000;µg/m3;2022-03-16 09:00:00 +01:00;2022-03-16 10:00:00 +01:00;1;3;;;;;;;
IS;IS.EA-Iceland.AQ;NET-IS009A;STA-IS0037A;IS0037A;SPO-IS0037A_00001_100;SPP-IS_A_UV-FL_12117_dal;SPO_F-IS0037A_00001_100_100;SO2;http://dd.eionet.europa.eu/vocabulary/aq/pollutant/1;hour;10.5185000000;µg/m3;2022-03-16 10:00:00 +01:00;2022-03-16 11:00:00 +01:00;1;3;;;;;;;
IS;IS.EA-Iceland.AQ;NET-IS009A;STA-IS0037A;IS0037A;SPO-IS0037A_00001_100;SPP-IS_A_UV-FL_12117_dal;SPO_F-IS0037A_00001_100_100;SO2;http://dd.eionet.europa.eu/vocabulary/aq/pollutant/1;hour;8.0810100000;µg/m3;2022-03-16 11:00:00 +01:00;2022-03-16 12:00:00 +01:00;1;3;;;;;;;
